0	Легендарная оболочка
1	Легендарное
2	Ряд и столбец
3	Пчелиная пушка
4	Гибрид
5	Летающее
6	Огонь
7	Время
8	Навесом
9	По площади
10	Солнце
11	Огнестручок
12	Огнехваталка
13	Огненная лоза
14	Ледяной барьер
15	Нижний слой
16	Замедление
17	Ветростручок
18	Чеснок
19	Ледяной улей
20	Градовый залп
21	Целебный фонарик
22	Ледяная мина
23	Игольчатая буря
24	Низкие выстрелы
25	Перечный улей
26	Перечная стена
27	Оболочка
28	Солнечная баррикада
29	Солнечная турель
30	ПВО
31	Пробивание
32	Грозострел
33	Солнечная мина
34	Бьёт коробки
35	Колючий фонарик
36	Гибридная оболочка
37	Аура скорости
38	Удильщик
39	Улов дня: ваше переднее растение. Навесом бьёт в пределах пяти клеток.
40	Астронавт
41	Маленький прыжок для неоплачиваемого стажёра. Высокое растение останавливает прыжок.
42	Костюм-кактус
43	Дресс-код: колючий кэжуал. Броня снижает урон от снарядов; используйте взрывы.
44	Погонщик верблюда
45	Верблюд тоже зомби. Перепрыгивает один раз, если его не остановит высокое растение.
46	Трубочист
47	Трёхсекундный запал, ноль инструктажей по технике безопасности. Убейте его, пока он не добрался до растения.
48	Диско-менеджер
49	Обязательное веселье гонит коллег вперёд. Устраните лидера отряда.
50	Ныряльщик
51	Две секунды под водой, шесть отговорок. Ненадолго неуязвим в воде.
52	Лунатик
53	Две секунды бредёт сквозь препятствия во сне. Держите оборону в тылу.
54	Прораб
55	Дедлайн — у вашего порога. Двигает соседних зомби вперёд.
56	Мастер по холодильникам
57	Замораживает ваш пакет семян. Его дальние попадания ненадолго блокируют перезарядку.
58	Садовый доктор
59	Прописывает компост всем, кроме вас. Лечит соседних зомби; сосредоточьте огонь.
60	Гаргантюа-печь
61	Ближние импульсы жара. Мороз гасит печку; взрывы ломают броню.
62	Гранитный гаргантюа
63	На половине здоровья бросает двух стажёров. Заморозьте гиганта и прикройте задние линии.
64	Грозовой гаргантюа
65	На половине здоровья ЭМИ ненадолго задерживает семена; импульсы бьют по соседним линиям. Распределите оборону.
66	Планерист
67	Выбрал живописный маршрут над вашей стеной. Высокие растения перехватывают приземление.
68	Гравитационный монах
69	Просветление, видимо, на соседней линии. Прикрытие должно перекрываться.
70	Конькобежец
71	Без тормозов, без возврата денег. Замедляется от холода.
72	Бесёнок-стажёр
73	Маленький, быстрый и всё ещё на испытательном сроке. Дешёвый урон по площади решает вопрос совещания.
74	Похититель фонарей
75	Сборщик солнечного налога. Крадёт небольшие порции солнца; держите запас.
76	Спасатель
77	Защищает всех, кроме пловцов. Даёт соседям ограниченную броню.
78	Лунный глашатай
79	Объявляет гибель в трёх экземплярах. Ограниченный призыв; уничтожайте глашатая первым.
80	Клерк-магнит
81	Принимает только солнечную валюту. Высасывает ограниченное количество солнца.
82	Мираж
83	Увы, не галлюцинация. Ненадолго становится бесплотным; важен момент для удара по площади.
84	Мумия
85	Политика возврата старше самой торговли. Оживает один раз; газонокосилки её не берут.
86	Некромант
87	Буквально поднимает численность персонала. Призывает не более трёх стажёров.
88	Газетчик
89	Теряет кроссворд — удваивает скорость. Добейте его, пока здоровья больше половины.
90	Курьер посылок
91	Указание к доставке: оставить за стеной. Высокие стены останавливают первый прыжок.
92	Фазовый аудитор
93	Ваша оборона провалила метафизическую проверку. Периодически становится бесплотным.
94	Голубятник
95	Голуби ушли на удалёнку. Вместо них присылает трёх стажёров.
96	Шутник
97	Меняет линию без поворотника. Прикройте соседние линии.
98	Кровельный курьер
99	Каждая лестница — не та лестница. Периодически меняет линию.
100	Металлобот
101	Сломайте его — и получите две проблемы поменьше. Делится, если не попал под косилку.
102	Металлобот-малыш
103	К сожалению, требуется сборка. Хрупкий отпрыск Металлобота.
104	Сноркелист
105	Оплатил быструю дорожку в бассейне. Плывёт быстрее, чем идёт.
106	Снежный медик
107	Пакеты со льдом для тех, кто и так замёрз. Лечит соседних раненых зомби.
108	Снежколюб
109	Один снежок, куча жалоб. Бросает снежки в переднее растение.
110	Сварщик
111	Чинит шлемы, а не отношения. Восстанавливает имеющуюся броню соседей.
112	Пустынный объезд
113	Каждые 28 секунд жара приходит на одну объявленную линию и наносит растениям 25 урона.
114	Песок в пакете семян
115	Наладьте экономику и прикройте все пять линий.
116	На коврике написано «добро пожаловать», а не «шведский стол».
117	Кактус — единственный местный в подходящей рабочей одежде.
118	Зомби в коробке прячутся за другими: используйте низкие выстрелы, катапульты или шипы.
119	Шарики пролетают над наземными растениями: возьмите ПВО.
120	Рогатки целятся в летающие растения.
121	Экономика солнечной печи
122	Наладьте производство солнца, прежде чем удваивать стрелков.
123	Солнечный свет по-прежнему бесплатный.
124	От подписки на зомби отказаться сложнее.
125	Оазис получил одну звезду за избыток зомби.
126	Отдел возврата мумий
127	В очередь встаёт новый специалист.
128	Перед началом прочтите о нём в Альманахе.
129	Местный дорожный конус повышен до менеджера среднего звена.
130	У мумии пожизненная гарантия, и она намерена ею воспользоваться.
131	Парковка только для верблюдов
132	Доктор рекомендует больше мозгов.
133	Обратитесь за вторым мнением.
134	Верблюд отказывается оплачивать парковку.
135	Управление миражами
136	Ваша доставка в трёх линиях отсюда и помечена как доставленная.
137	Песок — самая настойчивая заявка в техподдержку в природе.
138	Двадцать разрешений оазиса
139	Победите, сделав не более 20 посадок, включая прививки и плоты.
140	Бонусное условие: потеряйте не более 6 растений.
141	Двадцать растений.
142	Бесконечные непрошеные советы по садоводству.
143	Без косилок в пустыне
144	Без косилок.
145	Любой прорыв проваливает миссию.
146	Газонокосилки взяли день психического здоровья.
147	Дюны без поворотников
148	Поворотники, судя по всему, — привилегия живых.
149	Резерв оазиса
150	Накопите 4500 неизрасходованного солнца и отбейте все волны.
151	Сбор продолжается после последнего зомби.
152	Четыре тысячи солнца в сбережениях.
153	И всё равно не хватает на садовый сарай.
154	У корней есть права
155	Потеряйте не более 3 растений от атак или лопаты.
156	Одноразовые растения не считаются.
157	Корни создали профсоюз.
158	Пожалуйста, сохраните им жизнь.
159	Раскопки стажёров
160	Отбейте быстрые волны за 330 секунд.
161	Стажировка с отличной видимостью и без пульса.
162	Руины на ремонте
163	На тёмные зачёркнутые клетки нельзя сажать.
164	Зомби всё равно проходят по ним.
165	Эти клетки зарезервированы под будущую парковку.
166	Дегустационное меню оазиса
167	Набор семян фиксирован.
168	Выданные семена доступны, даже если ещё не открыты.
169	Шеф настаивает, что меню — тактическое ограничение.
170	Пять увядших отчётов
171	Потеряйте не более 5 растений.
172	Превращения и намеренно одноразовые растения не считаются.
173	Пять потерь — трагедия.
174	Шесть — проваленный уровень.
175	Прививай как египтянин
176	Сделайте не менее 2 прививок и отбейте волны.
177	Гибриды-двойники из одинаковых растений тоже считаются.
178	Ботаника: теперь с юридически сомнительной сваркой.
179	Песчаная артиллерия
180	Растения и семена не нужны.
181	Щёлкните по клетке поля, чтобы выстрелить из бесплатной перезаряжаемой пушки по площади.
182	Сегодня без растений.
183	Салат одобрил артиллерию.
184	Дресс-код для кактусов
185	Прикройтесь от волны специалистов; не полагайтесь на одну переднюю стену.
186	Эта волна прочитала условия использования.
187	А вы — нет.
188	Ведёрная археология
189	Броня поглощает снаряды.
190	Приберегите взрывы для плотных групп шлемов.
191	Вёдра защищают мозги, а не хрупкий моральный дух коллектива.
192	Дважды мёртв, оплачен однажды
193	Призывателям и мелким бегунам нужно прикрытие сзади, а не только один передний танк.
194	Без прорывов: стажёрам вход в дом запрещён.
195	Прибыли свежие стажёры.
196	Их адаптация — ваша проблема.
197	Закат без солнца
198	Нет солнца с неба.
199	Начните с выданных сбережений и постройте свою экономику.
200	Солнечная энергия ночью: бухгалтерия хочет поговорить.
201	Спасите оазис
202	Без посадок.
203	Выдан взрослый сад.
204	Защищайте его; щёлкните по повреждённому растению для бесплатного ремонта на 1200 ОЗ каждые 3 секунды.
205	Созданные инструменты необязательны.
206	Сад уже посажен.
207	В вашей должностной инструкции сказано: так и оставить.
208	Четыре с половиной тысячи градусов
209	Соберите в этом бою в сумме 4500 солнца.
210	Траты не уменьшают эту сумму.
211	Соберите 4000 солнца.
212	Не смотрите прямо на счётчик.
213	Засушливый паёк
214	Фиксированная колода из пяти семян (привейте два Стручкострела в Двойной стручкострел ради двойного огня) и общий лимит в 22 посадки.
215	Семена упаковывал минималист.
216	Час пик в пустыне
217	Долгий смешанный штурм.
218	Распределяйте экономику: волны никогда не перестают вежливо напоминать об этом.
219	Комитет решил атаковать одновременно.
220	День проверки печи
221	Два прибытия гиганта с окном на восстановление.
222	Нейтрализуйте его особую способность, затем зачистите поле.
223	Гигант принёс дубину.
224	Товарищество собственников принесло штраф.
225	Компостная фабрика
226	Импульсы конвейера сдвигают одну объявленную линию на 35 пикселей вперёд.
227	Держите огневую мощь в тылу.
228	Вводный инструктаж на фабрике
229	Плакат по технике безопасности гласит: ноль происшествий с двенадцати секунд назад.
230	Переговоры о солнечной зарплате
231	Прораб оптимизировал перерыв на кофе.
232	Сварка не того шлема
233	Компостная машина настаивает, что всё органическое.
234	Магнитная бухгалтерия
235	Сварочная маска не улучшает здравомыслие владельца.
236	Прораб велит спешить
237	Сборочная линия собрала очередь жалоб.
238	Двадцать две производственные единицы
239	Победите, сделав не более 22 посадок, включая прививки и плоты.
240	Анализ коренных причин
241	Правила профсоюза ограничивают вас 26 посадками.
242	Объезд сборочной линии
243	Аварийный запас энергии
244	Газонокосилки бастуют
245	Стажёры в касках
246	Отбейте быстрые волны за 380 секунд.
247	Скорость — не оправдание: потеряйте не более 10 растений.
248	Цех закрыт на обслуживание
249	Гарантийная претензия к Металлоботу
250	Специалисты берут почасовую оплату: не более 30 посадок.
251	Фиксированное меню столовой
252	Контроль качества прививок
253	Промышленная салатная пушка
254	Пять несчастных случаев на производстве
255	Требуется некоторая разборка
256	Бережливое производство семян
257	Фиксированная колода из пяти семян (привейте два Стручкострела в Двойной стручкострел ради двойного огня) и общий лимит в 24 посадки.
258	Блэкаут ночной смены
259	Спасите профсоюзный сад
260	Пять тысяч солнечных кредитов
261	Соберите в этом бою в сумме 5000 солнца.
262	Сертификация вёдер по ISO
263	Обязательная сверхурочка
264	Аудит грозовой безопасности
265	Замёрзший огород
266	Импульсы холода задерживают перезарядку всех семян на 1,5 секунды и замедляют одну линию зомби.
267	Холодное начало
268	Снеговик говорит, что это враждебная рабочая среда.
269	Солнце в морозилке
270	Холодильная камера никогда не предназначалась для пакетов семян.
271	Катание без согласия
272	Каток убрал защитное ограждение ради экономии бюджета.
273	Визит мастера по ремонту техники
274	Термостат теперь партнёр по переговорам.
275	Переговоры о снежках
276	Фонд горячего какао перенаправлен на экстренную ботанику.
277	Косилки на тонком льду
278	Также потеряйте не более 8 растений.
279	Двадцать ледяных горшков
280	Короткий путь снежного медика
281	Зимний запас топлива
282	Обморожение для овощей
283	Стажёры в термоносках
284	Выбор замороженных обедов
285	Закрыто на разморозку
286	Бойцовский клуб снежков
287	Прививка в варежках
288	Снежная пушка без растений
289	Пять холодных дел
290	Пикник полярной ночью
291	Медик на льду
292	Ведро с замёрзшей ручкой
293	Спасите зимний сад
294	Пять тысяч тёплых мыслей
295	Дом тоже под запретом: без прорывов.
296	Переохлаждение пакета семян
297	Фиксированная колода из пяти семян (привейте два Стручкострела в Двойной стручкострел ради двойного огня) и общий лимит в 26 посадок.
298	Комитет по метелям
299	Цикл разморозки печи
300	Пригородный газон
301	Пять линий, заблокированные клумбы и самый непрофессиональный соседский дозор.
302	Коврик у двери
303	Товарищество собственников запретило мозги после 21:00.
304	Солнце — не подписка
305	Сосед уверяет, что это обычная аэрация газона.
306	Конус позора
307	Подрядчик по заборам принимает оплату криками.
308	Газонный доктор
309	Изящный садовый гном отказался вмешиваться.
310	Экспресс-доставка
311	Соседский дозор в данный момент наблюдает из дома.
312	Двадцати хватит
313	Корни возврату не подлежат
314	Не та линия, приятель
315	Солнечный сберегательный счёт
316	Накопите 4000 неизрасходованного солнца и отбейте все волны.
317	Сверхурочные для косилок
318	Стажёры у ворот
319	Отбейте быстрые волны за 340 секунд.
320	Кроссвордное насилие
321	Салат приносите с собой
322	Не более пяти потерь
323	Призыв на прививку
324	Клуб садовой артиллерии
325	Разрешение на забор в обработке
326	Предпросмотр ночной смены
327	Список ведёр
328	Диета из пакета семян
329	Фиксированная колода из четырёх семян и общий лимит в 20 посадок.
330	Спасите пикник
331	Без посадок; потеряйте не более 5 растений.
332	Четыре тысячи причин
333	Соберите в этом бою в сумме 4000 солнца.
334	Неоплачиваемая стажировка
335	Собрание соседей
336	Уведомление о выселении от Гранита
337	Лунная теплица
338	Импульсы гравитации сдвигают объявленную линию на соседнюю.
339	Используйте перекрывающееся прикрытие.
340	Одно маленькое растение
341	Шлюз теплицы — не вход в шведский стол.
342	За солнце берут роуминг
343	Гравитация подала заявку на гибкий график.
344	Стажировка астронавта
345	Лунный арендодатель хочет вернуть кратер к понедельнику.
346	Гравитация по желанию
347	В космосе тихо; пакет семян громко разочарован.
348	Аудит реальности
349	Центр управления полётами ответил садовым эмодзи.
350	Корни в вакууме
351	Косилкам нечем дышать
352	Просветлённый объезд
353	Орбитальный солнечный резерв
354	Бухгалтер также запрещает терять больше 8 растений.
355	Девятнадцать лунных лицензий
356	Победите, сделав не более 19 посадок, включая прививки и плоты.
357	Стажёры на орбите
358	Четыре космические потери
359	Потеряйте не более 4 растений.
360	Выбор космической еды
361	Лунным кратерам нужны разрешения
362	Прививка в невесомости
363	Орбитальная садовая пушка
364	Глашатай пеней за просрочку
365	Ведро с системой жизнеобеспечения
366	Пикник во время затмения
367	Кадровый кризис мультивселенной
368	Спасите последнюю теплицу
369	Пять тысяч звёзд
370	Лимит полезной нагрузки семян
371	Саммит трёх гигантов
372	На Луне все три гаргантюа прибывают в разных волнах.
373	Последнее предупреждение: прочь с моей Луны
374	Полуночное кладбище
375	Нет естественного солнца с неба.
376	Импульсы лунного света дают 50 солнца; производители необходимы.
377	Знакомство с кладбищем
378	Тихие часы на кладбище перенесены на неопределённый срок.
379	Лунный свет в кредит
380	Некромантия не описана в справочнике сотрудника.
381	Налог на фонари
382	Призрак попросил место у окна в здании без окон.
383	Некромантия в отделе кадров
384	На дискотеке строгое правило: пульс приносите свой.
385	Лунатик, сюда
386	Могильщик начал брать плату за каждый бис.
387	Без косилок после полуночи
388	Корень всех зол
389	Диско не в той могиле
390	Полуночный резерв
391	Двадцать надгробных клумб
392	Стажёры из бухгалтерии
393	Не более пяти надгробных речей
394	Могилам нужны разрешения
395	Обязательное диско
396	Смена на кладбище прививок
397	Охотник за привидениями без растений
398	Похоронная композиция
399	Бумаги на воскрешение
400	Пикник при отключении света
401	Семена для неспящих
402	Защитите ночной дозор
403	Четыре с половиной тысячи лун
404	Ведро с того света
405	Последний танец на рассвете
406	Гранитная ошибка на могиле
407	Паника у бассейна
408	Для воды нужны Кувшинки-плоты.
409	Импульс прилива приносит 75 солнца каждые 28 секунд.
410	Вода ты делаешь
411	Нырять запрещено — кроме парня, который проигнорировал табличку.
412	Сначала плот, потом разум
413	Фильтр бассейна пересматривает свою карьеру.
414	Глубокая часть
415	Свисток спасателя, судя по всему, декоративный.
416	Дипломированный спасатель
417	У мелкой части на удивление глубокие кадровые проблемы.
418	Рыбное дело
419	Резиновая уточка подала единственный полезный отчёт об инциденте.
420	Не брызгайте на Солнечники
421	Двадцать два плавучих решения
422	Разделительный трос по желанию
423	Солнечный подогрев бассейна
424	Накопите 3500 неизрасходованного солнца и отбейте все волны.
425	Взрослые плавают последними
426	Ныряние за жалобами
427	Буфет у бассейна
428	Сноркель на быстрой дорожке
429	Островное садоводство
430	Привитые кувшинки
431	Глубинная бомба по вторникам
432	Не более пяти утопленников
433	Отбой в лидо
434	Плоты по карточкам
435	Ведёрко и совок
436	Спасите вышку спасателя
437	Четыре тысячи солнцезащитных кремов
438	Стажёры за бортом
439	Все вон из бассейна
440	Гранит делает всплеск
441	Переполох на крыше
442	Объявленные порывы ветра отбрасывают зомби назад на одной линии.
443	Стройка блокирует некоторые клетки.
444	Лестница не прилагается
445	Лифт не работает; здравый смысл тоже.
446	Солнечные панели не прилагаются
447	Голуби переложили всю ответственность на руководство.
448	Семинар по безопасности дымоходов
449	Гарантия на крышу прямо исключает гигантские дубины.
450	Парковка для планеров
451	Трубочист понял уборку как снос.
452	Курьер едет на лифте
453	Вид из пентхауса, видимо, включает приближающихся зомби.
454	Корни на крыше
455	Косилки боятся высоты
456	Голубиный диспетчер
457	Аварийный резерв крыши
458	Двадцать горшков на крыше
459	Стажёры на пожарной лестнице
460	Голубиный профсоюз
461	Пять падающих цветочных горшков
462	Разрешение на стройку в обработке
463	Прививка над облаками
464	Зенитная салатная батарея
465	Кафе на крыше
466	Семена в ручной клади
467	Ведро под протечкой
468	Особая доставка наверх
469	Спасите сад на крыше
470	Четыре с половиной тысячи мансард
471	Ночь на черепице
472	Час пик на крыше
473	Печь на пожарной лестнице
474	Солнце в бутылке
475	Сразу добавляет 200 солнца.
476	Купленное солнце можно тратить и копить, но оно не идёт в цели «собрать солнце».
477	Компостный чай
478	Лечит каждое живое растение на 750 ОЗ, но не выше максимума.
479	Морозная бутылка
480	Замораживает всех доступных врагов на 5 секунд; гиганты — вдвое меньше.
481	Перечная бомба
482	900 урона по площади вокруг врага, ближайшего к дому.
483	Ремкомплект для дома
484	Восстанавливает одну единицу прочности базы.
485	Не отменяет проваленную цель «без прорывов».
486	Часы семян
487	Мгновенно сбрасывает перезарядку всех семян.
488	Лицензия на семена: Ледяной салат
489	Навсегда открывает это семя.
490	Лицензия на семена: Солнечный монарх
491	Лицензия на семена: Лилия-феникс
492	Лицензия на семена: Грозовой чертополох
493	Лицензия на семена: Древний дуб
494	Солнечный магнит
495	Мгновенно собирает все жетоны солнца на поле.
496	Считается обычным сбором.
497	Клеевая ловушка
498	Вдвое замедляет всех зомби на поле на 8 секунд.
499	Гаргантюа находят это глубоко оскорбительным.
500	Дождеватель I
501	Каждое семя перезаряжается на 5% быстрее за уровень.
502	Увлажнение — это образ жизни.
503	Дождеватель II
504	Дождеватель III
505	Мешочек для семян I
506	Начальная перезарядка семян на 25% короче за уровень.
507	Карманы, но стратегические.
508	Мешочек для семян II
509	Солнечная линза I
510	Падающее с неба солнце стоит на 5 больше за уровень.
511	Солнце на это согласия не давало.
512	Солнечная линза II
