0	伝説のシェル
1	伝説
2	行と列
3	ビーキャノン
4	ハイブリッド
5	飛行
6	炎
7	時間
8	放物線
9	範囲
10	太陽
11	エンバーポッド
12	エンバースナッパー
13	エンバーヅル
14	フロストバリア
15	下層
16	減速
17	ゲイルポッド
18	ニンニク
19	グレイシャルハイブ
20	ヘイルボレー
21	ヒーリングランタン
22	アイスマイン
23	ニードルストーム
24	低い弾
25	ペッパーハイブ
26	ペッパーウォール
27	シェル
28	ソーラーバリケード
29	ソーラータレット
30	対空
31	貫通
32	ストームポッド
33	サンマイン
34	箱に当たる
35	トゲランタン
36	ハイブリッドシェル
37	加速オーラ
38	釣りゾンビ
39	本日の釣果：あなたの最前列の植物。5マス以内に放物線攻撃。
40	宇宙飛行士ゾンビ
41	無給インターンにとっては小さな跳躍。背の高い植物がジャンプを止める。
42	サボテンスーツゾンビ
43	ドレスコード：トゲトゲカジュアル。装甲が弾のダメージを減らす。爆発を使おう。
44	ラクダ乗りゾンビ
45	ラクダもゾンビ。背の高い植物に止められない限り、一度だけ跳び越える。
46	煙突掃除ゾンビ
47	導火線3秒、安全講習ゼロ。植物に届く前に倒そう。
48	ディスコマネージャー
49	強制参加の楽しさが近くの同僚を前進させる。リーダーを先に倒そう。
50	ダイバーゾンビ
51	水中2秒、言い訳6つ。水中では少しの間攻撃を受けない。
52	夢遊ゾンビ
53	2秒間、眠りながら障害物をすり抜ける。後方にも守りを置こう。
54	現場監督ゾンビ
55	締め切りは玄関先に。近くのゾンビを前進させる。
56	冷凍庫技師ゾンビ
57	タネ袋を冷蔵してしまう。遠距離攻撃が当たるとチャージが少しの間止まる。
58	ガーデンドクター
59	あなた以外の全員に堆肥を処方する。近くのゾンビを回復する。集中攻撃しよう。
60	かまどガルガンチュア
61	近距離のかまどパルス。霜でヒーターが止まり、爆発で装甲が壊れる。
62	花崗岩ガルガンチュア
63	体力が半分になるとインターンを2体投げる。巨人を凍らせ、後方の列を守ろう。
64	嵐のガルガンチュア
65	体力半分でEMPを放ち、タネを少し遅らせる。パルスは隣の列にも届く。守りを分散しよう。
66	グライダーゾンビ
67	あなたの壁の上を景色のいいルートで越えてきた。背の高い植物が着地を阻む。
68	重力僧ゾンビ
69	悟りはどうやら隣の列にあるらしい。守りを重ねよう。
70	スケーターゾンビ
71	ブレーキなし、返金なし。冷やされると遅くなる。
72	インターン小鬼
73	小さくて速く、まだ試用期間中。安い範囲攻撃で会議は終わる。
74	ランタン泥棒
75	太陽税の取り立て屋。少しずつ太陽を盗む。蓄えを残そう。
76	ライフガードゾンビ
77	泳いでいる者以外は全員守る。近くに限られた装甲を与える。
78	月の伝令ゾンビ
79	破滅を三通で通知する。召喚数には限りがある。伝令を優先して倒そう。
80	磁石係ゾンビ
81	太陽通貨しか受け付けない。限られた量の太陽を吸い取る。
82	ミラージュゾンビ
83	残念ながら幻覚ではない。少しの間すり抜け状態になる。範囲攻撃はタイミングが大事。
84	ミイラゾンビ
85	商売より古い返品ポリシー。一度だけ復活する。芝刈り機には関係ない。
86	ネクロマンサー
87	文字どおり人員を増やす。インターンを最大3体召喚する。
88	新聞ゾンビ
89	クロスワードを失くすと速度が2倍に。体力が半分になる前に倒そう。
90	小包配達ゾンビ
91	配達指示：壁の向こうに置いておく。高い壁は最初の跳躍を止める。
92	位相監査官ゾンビ
93	あなたの防衛は形而上学的な検査に落ちた。定期的にすり抜け状態になる。
94	ハト使いゾンビ
95	ハトはリモートワークを申請した。代わりにインターンを3体送り込む。
96	いたずらゾンビ
97	ウインカーを出さずに列を変える。隣の列もカバーしよう。
98	屋根の配達員ゾンビ
99	どの階段も間違った階段。定期的に列を変える。
100	スクラップボット
101	壊すと小さな問題が2つ手に入る。芝刈り機で倒さない限り分裂する。
102	スクラップリング
103	残念ながら組み立てが必要。スクラップボットのもろい子ども。
104	シュノーケルゾンビ
105	プールの高速レーンにお金を払った。泳いでいるときは速い。
106	雪の衛生兵ゾンビ
107	すでに冷えている者に保冷剤を。近くの傷ついたゾンビを回復する。
108	雪玉ゾンビ
109	雪玉1つ、苦情いくつも。最前列の植物に雪玉を投げる。
110	溶接工ゾンビ
111	直すのはヘルメットで、人間関係ではない。近くのゾンビの装甲を回復する。
112	砂漠の迂回路
113	28秒ごとに予告された1列に熱波が訪れ、植物に25ダメージを与える。
114	タネ袋に砂
115	経済を整えて、5列すべてを守ろう。
116	玄関マットに書いてあるのは「ようこそ」で、「食べ放題」ではない。
117	仕事にふさわしい服を着ている地元民はサボテンだけ。
118	ダンボールゾンビは他のゾンビの後ろに隠れる：低い弾、カタパルト、トゲを使おう。
119	風船は地上の植物の上を飛んでいく：対空を持っていこう。
120	パチンコは飛ぶ植物を狙う。
121	ソーラーオーブン経済学
122	シューターを倍にする前に太陽の生産を整えよう。
123	日光は今も無料。
124	ゾンビのサブスクは解約がもっと難しい。
125	このオアシスはゾンビが多すぎて星1つの評価。
126	ミイラ返品窓口
127	新しいスペシャリストが列に加わる。
128	始める前に図鑑の説明を読もう。
129	地元の三角コーンが中間管理職に昇進。
130	ミイラには生涯保証があり、使う気満々だ。
131	ラクダ専用駐車場
132	ドクターはもっと脳みそを勧めている。
133	セカンドオピニオンを求めよう。
134	ラクダは駐車券の認証を拒否している。
135	ミラージュ管理
136	あなたの荷物は3列先にあり、配達済みになっている。
137	砂は自然界で最もしつこいサポート問い合わせ。
138	オアシス許可証20枚
139	植え付け20回以内で勝利しよう。接ぎ木といかだも含む。
140	ボーナス条項：失う植物は6体まで。
141	植物20体。
142	頼んでもいない園芸アドバイスが無限に。
143	砂漠に芝刈り機なし
144	芝刈り機なし。
145	1回でも突破されるとミッション失敗。
146	芝刈り機たちはメンタルヘルス休暇を申請した。
147	ウインカーのない砂丘
148	ウインカーはどうやら生きている人用の機能らしい。
149	オアシスの蓄え
150	使っていない太陽を4500貯めて、全ウェーブを撃退しよう。
151	最後のゾンビの後も収集は続く。
152	貯金は太陽4000。
153	それでも物置は買えない。
154	根っこにも権利がある
155	攻撃やシャベルで失う植物は3体まで。
156	使い切りの植物は数えない。
157	根っこたちが労働組合を結成した。
158	どうか生かしてあげて。
159	インターン発掘調査
160	高速ウェーブを330秒以内に撃退しよう。
161	注目度は抜群、ただし脈はないインターンシップ。
162	改修中の遺跡
163	暗いバツ印のマスには植えられない。
164	ゾンビはそれでも通り抜ける。
165	これらのマスは将来の駐車場用に確保されている。
166	オアシスの試食メニュー
167	用意されたタネのメニューは固定。
168	用意されたタネは、未解放でも借りて使える。
169	シェフいわく、メニューは戦術的な制約だそうだ。
170	しおれた報告書5通
171	失う植物は5体まで。
172	変身や、意図的な使い切りの植物は対象外。
173	5体失うのは悲劇。
174	6体ならステージ失敗。
175	エジプト風に接ぎ木
176	接ぎ木を2回以上行い、ウェーブを撃退しよう。
177	同じ植物同士のツインハイブリッドも数える。
178	植物学：今なら法的にあやしい溶接つき。
179	サンドブラスト砲兵
180	植物もタネも不要。
181	盤面のマスをクリックして、チャージ式の無料範囲大砲を撃とう。
182	今日は植物なし。
183	サラダが砲撃を承認した。
184	サボテンのドレスコード
185	スペシャリストのウェーブに備えよう。前の壁1枚に頼らないこと。
186	このウェーブは利用規約を読んでいる。
187	あなたは読んでいない。
188	バケツ考古学
189	装甲は弾を吸収する。
190	爆発は密集したヘルメットのためにとっておこう。
191	バケツが守るのは脳みそで、もろい職場の士気ではない。
192	二度死んで、支払いは一度
193	召喚役と小さな走り屋には、前のタンク1体だけでなく後方の守りが必要。
194	突破禁止：インターンは家に立ち入り禁止。
195	新しいインターンが到着した。
196	彼らの研修はあなたの問題だ。
197	太陽のない夕暮れ
198	空から太陽が降らない。
199	用意された貯金から始めて、自分の経済を植えよう。
200	夜のソーラー発電：経理が話をしたいそうだ。
201	オアシスを救え
202	植え付けなし。
203	育った庭が用意されている。
204	庭を守ろう。傷ついた植物をクリックすると、3秒ごとに1200HPの無料修理ができる。
205	クラフトしたツールは任意。
206	庭はもう植えてある。
207	あなたの職務内容は、そのままにしておくこと。
208	4500度
209	このバトルで太陽を合計4500集めよう。
210	使っても合計は減らない。
211	太陽を4000集めよう。
212	カウンターを直視しないこと。
213	日照りの配給
214	タネ5つの固定デッキ（ポッドシューター2つをツインポッドに接ぎ木すれば2連射）、植え付けは合計22回まで。
215	タネを詰めたのはミニマリスト。
216	砂漠のラッシュアワー
217	長い混成攻撃。
218	経済のペース配分を：ウェーブはいつまでも礼儀正しく念を押してくる。
219	委員会は同時攻撃を決定した。
220	かまど点検日
221	巨人が2回やってくる。間に立て直しの時間あり。
222	特殊能力に対処してから、フィールドを片付けよう。
223	巨人はこん棒を持ってきた。
224	自治会は罰金を持ってきた。
225	堆肥工場
226	ベルトコンベアのパルスが予告された1列を35ピクセル前進させる。
227	後方に火力を残そう。
228	工場オリエンテーション
229	安全ポスターいわく、無事故記録は12秒前から継続中。
230	ソーラー給与交渉
231	現場監督がコーヒー休憩を最適化で削った。
232	間違ったヘルメットを溶接
233	堆肥マシンはすべてオーガニックだと言い張る。
234	磁気会計
235	溶接マスクをかぶっても判断力は良くならない。
236	現場監督が急げと言う
237	組立ラインは苦情の行列を組み立てた。
238	22の生産ユニット
239	植え付け22回以内で勝利しよう。接ぎ木といかだも含む。
240	根本原因分析
241	労働組合の規則で、植え付けは26回までに制限される。
242	組立ラインの迂回路
243	非常用電力の蓄え
244	芝刈り機がストライキ中
245	ヘルメットをかぶったインターン
246	高速ウェーブを380秒以内に撃退しよう。
247	速さは言い訳にならない：失う植物は10体まで。
248	メンテナンスのため閉鎖中
249	スクラップボットの保証請求
250	スペシャリストは時間給：植え付けは30回まで。
251	社員食堂の固定メニュー
252	接ぎ木の品質保証
253	工業用サラダ砲
254	労働災害5件
255	いくらか分解が必要
256	リーンなタネ製造
257	タネ5つの固定デッキ（ポッドシューター2つをツインポッドに接ぎ木すれば2連射）、植え付けは合計24回まで。
258	夜勤の停電
259	組合の庭を救え
260	ソーラークレジット5000
261	このバトルで太陽を合計5000集めよう。
262	バケツのISO認証
263	強制残業
264	嵐の安全監査
265	凍った家庭菜園
266	冷気のパルスで全タネのチャージが1.5秒遅れ、ゾンビの1列が遅くなる。
267	コールドオープン
268	雪だるまいわく、ここは敵対的な職場環境だ。
269	冷凍庫の中の太陽
270	冷蔵倉庫はタネ袋を入れるためのものではなかった。
271	同意なきスケート
272	スケートリンクは予算削減で安全柵を撤去した。
273	家電修理の訪問
274	サーモスタットは今や交渉相手だ。
275	雪玉交渉
276	ホットココア基金は緊急の植物学に回された。
277	薄氷の芝刈り機
278	さらに、失う植物は8体まで。
279	氷の植木鉢20個
280	雪の衛生兵の近道
281	冬の燃料の蓄え
282	野菜のしもやけ
283	保温ソックスのインターン
284	冷凍ディナーセレクション
285	霜取りのため休業
286	雪合戦クラブ
287	ミトンで接ぎ木
288	植物なしの雪大砲
289	未解決の寒い事件5件
290	極夜のピクニック
291	氷上の衛生兵
292	持ち手の凍ったバケツ
293	冬の庭を救え
294	あたたかい思い5000
295	家も立ち入り禁止：突破禁止。
296	タネ袋の低体温症
297	タネ5つの固定デッキ（ポッドシューター2つをツインポッドに接ぎ木すれば2連射）、植え付けは合計26回まで。
298	吹雪委員会
299	かまどの霜取りサイクル
300	郊外の芝生
301	5つの列、ふさがれた花壇、そして最もプロ意識の低い町内見回り隊。
302	玄関マット
303	自治会は午後9時以降の脳みそを禁止した。
304	太陽はサブスクじゃない
305	お隣さんいわく、これは普通の芝生のエアレーションだそうだ。
306	恥のコーン
307	フェンス業者は悲鳴での支払いを受け付けている。
308	芝生のお医者さん
309	趣味のいい庭の小人は介入を断った。
310	速達便
311	町内見回り隊は現在、屋内から見回り中。
312	20で十分
313	根っこは返品不可
314	列が違うぜ、相棒
315	太陽の貯金口座
316	使っていない太陽を4000貯めて、全ウェーブを撃退しよう。
317	芝刈り機の残業
318	門前のインターン
319	高速ウェーブを340秒以内に撃退しよう。
320	クロスワードの暴力
321	サラダは各自持参
322	犠牲は5体まで
323	接ぎ木ドラフト
324	ガーデン砲兵クラブ
325	フェンス許可は審査中
326	夜勤のプレビュー
327	バケツリスト
328	タネ袋ダイエット
329	タネ4つの固定デッキ、植え付けは合計20回まで。
330	ピクニックを救え
331	植え付けなし。失う植物は5体まで。
332	4000の理由
333	このバトルで太陽を合計4000集めよう。
334	無給インターンシップ
335	町内会の集まり
336	花崗岩の立ち退き通知
337	月の温室
338	重力のパルスが予告された列を隣の列へずらす。
339	守りを重ねよう。
340	ひとつの小さな植物
341	温室のエアロックは食べ放題の入り口ではない。
342	太陽にローミング料金
343	重力がフレックス勤務を申請した。
344	宇宙飛行士インターンシップ
345	月の大家は月曜までにクレーターを返してほしいそうだ。
346	重力は任意
347	宇宙は静か。タネ袋は大声でがっかりしている。
348	現実の監査
349	管制センターは園芸の絵文字で返信してきた。
350	真空の根っこ
351	芝刈り機は息ができない
352	悟りの迂回路
353	軌道上の太陽の蓄え
354	会計係は植物を8体より多く失うことも禁じている。
355	月面ライセンス19枚
356	植え付け19回以内で勝利しよう。接ぎ木といかだも含む。
357	軌道上のインターン
358	宇宙の犠牲4体
359	失う植物は4体まで。
360	宇宙食セレクション
361	月のクレーターには許可が必要
362	無重力接ぎ木
363	軌道ガーデン砲
364	延滞料の伝令
365	生命維持装置つきバケツ
366	日食ピクニック
367	マルチバース人手不足
368	最後の温室を救え
369	スター5000
370	タネの積載上限
371	三巨人サミット
372	月では、ガルガンチュア3体がそれぞれ別のウェーブでやってくる。
373	最終通告：私の月から出ていけ
374	真夜中の墓地
375	空から自然の太陽が降らない。
376	月光のパルスで太陽50。生産役が欠かせない。
377	墓地オリエンテーション
378	墓地の静粛時間は無期限に延期された。
379	月光のツケ払い
380	死霊術は社員ハンドブックの対象外。
381	ランタン税
382	幽霊は窓のない建物で窓際の席を希望した。
383	人事部の死霊術
384	ディスコは脈拍持参が厳守。
385	夢遊はこちら
386	墓掘りがアンコールごとに料金を取り始めた。
387	真夜中過ぎは芝刈り機なし
388	諸悪の根っこ
389	墓違いのディスコ
390	真夜中の蓄え
391	墓石プランター20個
392	経理部から来たインターン
393	弔辞は5つまで
394	墓には許可が必要
395	強制ディスコ
396	接ぎ木墓地の夜勤
397	植物なしのゴーストバスター
398	お葬式のアレンジメント
399	復活の書類手続き
400	停電ピクニック
401	眠れぬ者のためのタネ
402	夜警を守れ
403	月4500個
404	墓の向こうのバケツ
405	夜明けのラストダンス
406	花崗岩の墓場違い
407	プールサイドパニック
408	水上にはスイレンいかだが必要。
409	潮のパルスが28秒ごとに太陽75を届ける。
410	水の中で何してるの
411	飛び込み禁止。看板を無視したあの男以外は。
412	理性より先にいかだ
413	プールのろ過装置がキャリアを見直している。
414	深いほう
415	ライフガードの笛は飾りらしい。
416	有資格ライフガード
417	浅いほうは意外と深刻な人手不足。
418	うさんくさい商売
419	ゴムのアヒルが唯一役に立つ事故報告書を提出した。
420	サンバッドに水をかけないで
421	22の浮かぶ決断
422	コースロープは任意
423	ソーラープールヒーター
424	使っていない太陽を3500貯めて、全ウェーブを撃退しよう。
425	大人は最後に泳ぐ
426	苦情を求めて潜水
427	プールサイドビュッフェ
428	高速レーンのシュノーケル
429	島のガーデニング
430	接ぎ木したスイレン
431	爆雷の火曜日
432	浮かぶのは5体まで
433	市民プールの消灯
434	いかだの配給制
435	バケツとスコップ
436	監視台を救え
437	日焼け止め4000本
438	インターン落水
439	全員プールから上がれ
440	花崗岩が水しぶき
441	屋根の上の大騒ぎ
442	予告された突風が1列のゾンビを押し戻す。
443	工事で一部のマスがふさがれている。
444	階段は別売り
445	エレベーターは故障中。常識も同様。
446	ソーラーパネルは別売り
447	ハトたちは責任をすべて経営陣に押しつけた。
448	煙突安全セミナー
449	屋根の保証は巨大こん棒を明確に対象外としている。
450	グライダー駐機場
451	煙突掃除人は片付けを解体と解釈した。
452	配達員はエレベーターで
453	ペントハウスの眺めには、迫りくるゾンビも含まれるらしい。
454	屋根の上の根っこ
455	芝刈り機は高所恐怖症
456	ハトの航空管制
457	屋根の非常用蓄え
458	屋上の植木鉢20個
459	非常階段のインターン
460	ハトの労働組合
461	落ちてくる植木鉢5つ
462	建築許可は審査中
463	雲の上の接ぎ木
464	対空サラダ砲台
465	屋上カフェ
466	機内持ち込みのタネ
467	雨漏りの下のバケツ
468	上の階への特別配達
469	屋上庭園を救え
470	天窓4500枚
471	瓦屋根の夜
472	屋根のラッシュアワー
473	非常階段のかまど
474	太陽のボトル
475	すぐに太陽を200追加する。
476	買った太陽は使うことも貯めることもできるが、「太陽を集める」目標には数えない。
477	堆肥ティー
478	生きている植物すべてを最大値まで750HP回復する。
479	フロストボトル
480	攻撃可能な敵すべてを5秒間凍らせる。巨人は半分だけ耐える。
481	ペッパーボム
482	家に一番近い敵の周囲に900の範囲ダメージ。
483	家の修理キット
484	基地の耐久を1回復する。
485	失敗した突破禁止の目標は取り消せない。
486	タネ時計
487	全タネのチャージを即座にリセットする。
488	霧氷レタスのタネライセンス
489	このタネを永久に解放する。
490	サンソブリンのタネライセンス
491	フェニックスリリーのタネライセンス
492	ストームシスルのタネライセンス
493	エルダーオークのタネライセンス
494	太陽マグネット
495	フィールド上の太陽をすべて即座に集める。
496	通常の収集として数える。
497	粘着トラップ
498	フィールド上のすべてのゾンビの速度を8秒間半分にする。
499	ガルガンチュアたちはこれをひどく侮辱的だと感じている。
500	スプリンクラー I
501	ランクごとに全タネのチャージが5%速くなる。
502	水分補給はライフスタイル。
503	スプリンクラー II
504	スプリンクラー III
505	タネポーチ I
506	ランクごとに開始時のタネのクールダウンが25%短くなる。
507	ポケット、ただし戦略的。
508	タネポーチ II
509	太陽レンズ I
510	ランクごとに空から降る太陽の価値が+5になる。
511	太陽はこれに同意していない。
512	太陽レンズ II
