0	传说外壳
1	传说
2	同行同列
3	蜜蜂炮
4	杂交
5	飞行
6	火焰
7	时间
8	抛射
9	溅射
10	阳光
11	烬火豆荚
12	烬火咬咬夹
13	烬火藤
14	冰霜屏障
15	底层
16	减速
17	疾风豆荚
18	大蒜
19	冰川蜂巢
20	冰雹连射
21	治愈灯笼
22	冰冻地雷
23	针雨风暴
24	低空射击
25	辣椒蜂巢
26	辣椒墙
27	外壳
28	阳光路障
29	阳光炮台
30	防空
31	穿透
32	风暴豆荚
33	阳光地雷
34	可打纸箱
35	荆棘灯笼
36	杂交外壳
37	加速光环
38	钓鱼僵尸
39	今日渔获：你最前面的植物。抛射攻击五格内的目标。
40	宇航员僵尸
41	无薪实习生的一小步。高大的植物能拦住跳跃。
42	仙人掌套装僵尸
43	着装要求：带刺休闲风。护甲会减少弹射物伤害；请用爆炸。
44	骆驼骑手僵尸
45	骆驼也是僵尸。会跳跃一次，除非被高大的植物拦下。
46	烟囱清扫工僵尸
47	三秒引信，零安全培训。在它碰到植物前消灭它。
48	迪斯科经理僵尸
49	强制欢乐会推动附近的同事前进。先除掉小队队长。
50	潜水僵尸
51	水下两秒，借口六个。在水中短暂无法被攻击。
52	梦游僵尸
53	梦游两秒，穿过障碍物。请在后方保留防线。
54	工头僵尸
55	截止日期就在你家门口。推动附近的僵尸前进。
56	冰柜技师僵尸
57	冷冻你的种子包。远程命中会短暂锁住充能。
58	花园医生僵尸
59	给除了你以外的所有人开堆肥处方。治疗附近僵尸；集中火力。
60	熔炉巨人
61	近距离熔炉脉冲。冰霜会让加热器暂停；爆炸能击破护甲。
62	花岗岩巨人
63	生命减半时扔出两个实习生。冻住巨人并守好后排。
64	风暴巨人
65	生命减半时电磁脉冲会短暂延迟种子；脉冲会波及相邻行。分散防御。
66	滑翔僵尸
67	选了一条风景优美的路线飞过你的墙。高大的植物能拦截着陆。
68	重力僧侣僵尸
69	顿悟显然在隔壁那一行。掩护需要相互重叠。
70	滑冰僵尸
71	没有刹车，概不退款。受冷时会减速。
72	实习小鬼
73	个子小、跑得快，还在试用期。廉价的范围伤害就能解决这场会议。
74	灯笼窃贼僵尸
75	阳光税收员。会偷走少量阳光；请保留储备。
76	救生员僵尸
77	保护除了游泳者以外的所有人。为附近僵尸提供有限护甲。
78	月之使者僵尸
79	一式三份地宣告末日。召唤数量有限；优先击杀使者。
80	磁铁职员僵尸
81	只收阳光货币。会吸走有限的阳光。
82	海市蜃楼僵尸
83	很遗憾，这不是幻觉。会短暂相位化；范围攻击要把握时机。
84	木乃伊僵尸
85	退货政策比商业还古老。会复活一次；割草机可以直接清除它。
86	死灵法师僵尸
87	字面意义上地扩充人手。最多召唤三个实习生。
88	读报僵尸
89	丢了填字游戏，速度翻倍。在它生命减半前解决它。
90	包裹快递僵尸
91	配送说明：放在墙那边。高墙能拦住第一次跳跃。
92	相位审计员僵尸
93	你的防御没通过形而上学检查。会周期性相位化。
94	养鸽人僵尸
95	鸽子申请了远程办公。改派三个实习生过来。
96	恶作剧僵尸
97	换行从不打转向灯。请掩护相邻行。
98	屋顶快递僵尸
99	每段楼梯都是走错的楼梯。会周期性换行。
100	废铁机器人
101	打坏它，就会得到两个小一点的麻烦。除非被割草机碾过，否则会分裂。
102	小废铁
103	很遗憾，需要自行组装。废铁机器人的脆弱后代。
104	浮潜僵尸
105	在泳池买了快速通道。游泳时移动更快。
106	雪地医生僵尸
107	给本来就冷的人送冰袋。治疗附近受伤的僵尸。
108	雪球僵尸
109	一个雪球，好几份投诉。向最前面的植物投掷雪球。
110	焊工僵尸
111	修头盔，不修感情。恢复附近僵尸已有的护甲。
112	沙漠绕行
113	每 28 秒，酷热会降临一条预告的行，对植物造成 25 点伤害。
114	种子包里的沙子
115	建立经济并守住全部五行。
116	欢迎垫上写的是欢迎光临，不是自助餐。
117	仙人掌是唯一穿着合适工作服的本地人。
118	纸箱僵尸会躲在其他僵尸身后：请使用低空射击、投石车或尖刺。
119	气球会飞过地面植物：请带上防空。
120	弹弓会瞄准飞行植物。
121	太阳灶经济学
122	先建立阳光生产，再加倍射手。
123	阳光依然免费。
124	僵尸订阅更难退订。
125	这片绿洲因僵尸过多只得了一星。
126	木乃伊退货部
127	一位新专家加入了队伍。
128	开始前先看看它的图鉴条目。
129	本地路障晋升为中层管理。
130	木乃伊有终身保修，并且打算用上。
131	仅限骆驼停车
132	医生建议多吃点脑子。
133	去听听第二意见吧。
134	骆驼拒绝盖停车章。
135	海市蜃楼管理
136	你的快递在三行之外，却显示已送达。
137	沙子是大自然最执着的客服工单。
138	二十张绿洲许可证
139	最多种植 20 次即获胜，嫁接和睡莲筏也计入。
140	额外条款：最多损失 6 株植物。
141	二十株植物。
142	无穷无尽、不请自来的园艺意见。
143	沙漠里没有割草机
144	没有割草机。
145	任何突破都会导致任务失败。
146	割草机申请了心理健康假。
147	不打转向灯的沙丘
148	转向灯显然是活人才有的功能。
149	绿洲储备
150	存下 4500 未花费的阳光并击退所有波次。
151	最后一只僵尸之后仍可继续收集。
152	存款四千阳光。
153	依然买不起一间工具棚。
154	根也有权利
155	因攻击或铲除损失的植物最多 3 株。
156	一次性植物不计入。
157	根们组建了工会。
158	请让它们活下去。
159	实习生发掘现场
160	在 330 秒内击退快速波次。
161	一份曝光度极高、没有脉搏的实习。
162	翻修中的遗迹
163	深色带叉的格子无法种植。
164	僵尸仍然可以从上面走过。
165	这些格子预留给未来的停车场。
166	绿洲品鉴菜单
167	提供的种子菜单是固定的。
168	即使尚未解锁，提供的种子也可借用。
169	主厨坚称菜单是一种战术限制。
170	五份枯萎报告
171	最多损失 5 株植物。
172	变形和刻意的一次性植物不计入。
173	损失五株是悲剧。
174	损失六株就是关卡失败。
175	像埃及人一样嫁接
176	至少完成 2 次嫁接并击退所有波次。
177	同种植物的双子杂交也算。
178	植物学：现在附带法律上存疑的焊接。
179	喷砂炮兵
180	不需要植物或种子。
181	点击格子即可发射可充能的免费范围火炮。
182	今天没有植物。
183	沙拉批准了炮兵支援。
184	仙人掌着装要求
185	应对专家波次；不要只依赖一面前墙。
186	这波僵尸读过了条款和条件。
187	你没读。
188	铁桶考古学
189	护甲能吸收弹射物。
190	把爆炸留给挤在一起的头盔。
191	铁桶保护的是脑子，不是脆弱的职场士气。
192	死了两次，只付一次钱
193	召唤者和小型跑者需要后方掩护，而不只是一个前排坦克。
194	不许突破：实习生不得入内。
195	新鲜实习生已到岗。
196	他们的入职培训是你的问题。
197	没有太阳的日落
198	天空不掉落阳光。
199	从提供的存款起步，种出你自己的经济。
200	夜间太阳能：财务部想和你谈谈。
201	拯救绿洲
202	不能种植。
203	提供一座成熟的花园。
204	保护它；点击受损植物可免费修复 1200 生命，每 3 秒一次。
205	制作的工具为可选项。
206	花园已经种好了。
207	你的职位描述要求保持原样。
208	四千五百度
209	在本场战斗中累计收集 4500 阳光。
210	花费不会减少这个总数。
211	收集 4000 阳光。
212	请勿直视计数器。
213	干旱口粮
214	固定的五种子卡组（把两株豆荚射手嫁接成双发豆荚可获得双倍火力），总计最多种植 22 次。
215	这些种子是极简主义者打包的。
216	沙漠高峰期
217	漫长的混合攻势。
218	规划好你的经济：波次永远会礼貌地提醒你。
219	委员会决定同时进攻。
220	熔炉检查日
221	两次巨人来袭，中间有重建窗口。
222	先克制它的特殊能力，再清理战场。
223	巨人带来了大棒。
224	业主委员会带来了罚单。
225	堆肥工厂
226	传送带脉冲会让一条预告的行前移 35 像素。
227	保持后方火力。
228	工厂入职培训
229	安全海报上写着：已连续十二秒零事故。
230	阳光薪资谈判
231	工头把咖啡时间优化掉了。
232	焊错了头盔
233	堆肥机坚称这些全是有机的。
234	磁力会计
235	焊接面罩并不能提高佩戴者的判断力。
236	工头催着赶工
237	流水线组装出了一长串投诉。
238	二十二个生产单位
239	最多种植 22 次即获胜，嫁接和睡莲筏也计入。
240	根本原因分析
241	工会规定还限制你最多种植 26 次。
242	流水线绕行
243	应急电力储备
244	割草机罢工
245	戴安全帽的实习生
246	在 380 秒内击退快速波次。
247	速度不是借口：最多损失 10 株植物。
248	车间停工检修
249	废铁机器人保修索赔
250	专家按小时计费：最多种植 30 次。
251	食堂固定菜单
252	嫁接质量保证
253	工业沙拉炮
254	五起工伤事故
255	需要部分拆卸
256	精益种子制造
257	固定的五种子卡组（把两株豆荚射手嫁接成双发豆荚可获得双倍火力），总计最多种植 24 次。
258	夜班停电
259	拯救工会花园
260	五千阳光积分
261	在本场战斗中累计收集 5000 阳光。
262	铁桶 ISO 认证
263	强制加班
264	风暴安全审计
265	冰冻菜园
266	寒冷脉冲会让所有种子的充能延迟 1.5 秒，并减速一行僵尸。
267	冷开场
268	雪人说这是个充满敌意的工作环境。
269	冰箱里的阳光
270	冷库本来就不是用来放种子包的。
271	未经同意的滑冰
272	溜冰场为了省预算拆掉了安全护栏。
273	家电维修上门
274	恒温器现在成了谈判对象。
275	雪球谈判
276	热可可基金被挪用于紧急植物学。
277	薄冰上的割草机
278	同时最多损失 8 株植物。
279	二十个冰花盆
280	雪地医生的捷径
281	冬季燃料储备
282	蔬菜冻伤
283	穿保暖袜的实习生
284	速冻晚餐精选
285	除霜暂停营业
286	雪球搏击俱乐部
287	戴着连指手套嫁接
288	没有植物的雪炮
289	五桩冷案
290	极夜野餐
291	冰上医生
292	把手冻住的铁桶
293	拯救冬季花园
294	五千个温暖的念头
295	房子同样禁止进入：不许突破。
296	种子包失温
297	固定的五种子卡组（把两株豆荚射手嫁接成双发豆荚可获得双倍火力），总计最多种植 26 次。
298	暴风雪委员会
299	熔炉除霜循环
300	郊区草坪
301	五条路线、被封的花坛，以及最不专业的邻里守望队。
302	欢迎垫
303	业主委员会禁止晚上 9 点后吃脑子。
304	阳光不是订阅服务
305	邻居坚称这只是正常的草坪通气。
306	耻辱路障
307	围栏承包商接受用尖叫付款。
308	草坪医生
309	一位品味高雅的花园小矮人拒绝介入。
310	特快专递
311	邻里守望队目前正在室内守望。
312	二十株就够
313	根系概不退货
314	走错行了，伙计
315	阳光储蓄账户
316	存下 4000 未花费的阳光并击退所有波次。
317	割草机加班
318	门口的实习生
319	在 340 秒内击退快速波次。
320	填字游戏暴力
321	沙拉请自带
322	最多五次伤亡
323	嫁接选秀
324	花园炮兵俱乐部
325	围栏许可审批中
326	夜班预告
327	铁桶清单
328	种子包节食
329	固定的四种子卡组，总计最多种植 20 次。
330	拯救野餐
331	不能种植；最多损失 5 株植物。
332	四千个理由
333	在本场战斗中累计收集 4000 阳光。
334	无薪实习
335	邻里会议
336	花岗岩的驱逐通知
337	月球温室
338	重力脉冲会把一条预告的行移到相邻行。
339	使用相互重叠的掩护。
340	一株小小的植物
341	温室气闸不是自助餐入口。
342	阳光收漫游费
343	重力提交了弹性工作申请。
344	宇航员实习
345	月球房东要求周一前收回陨石坑。
346	重力随意
347	太空一片寂静；种子包却大声表达失望。
348	现实审计
349	任务控制中心回复了一个园艺表情。
350	真空中的根
351	割草机无法呼吸
352	开悟的绕行
353	轨道阳光储备
354	会计还禁止损失超过 8 株植物。
355	十九张月球执照
356	最多种植 19 次即获胜，嫁接和睡莲筏也计入。
357	轨道上的实习生
358	四次宇宙伤亡
359	最多损失 4 株植物。
360	太空食品精选
361	月球陨石坑需要许可
362	零重力嫁接
363	轨道花园炮
364	滞纳金使者
365	带生命维持系统的铁桶
366	日食野餐
367	多元宇宙人手危机
368	拯救最后的温室
369	五千颗星星
370	种子载荷上限
371	三巨人峰会
372	在月球上，三位巨人会分别在不同波次到来。
373	最后通牒：滚出我的月球
374	午夜墓地
375	没有天然的天空阳光。
376	月光脉冲提供 50 阳光；生产植物必不可少。
377	墓地入职培训
378	墓地的安静时段已无限期推迟。
379	赊账的月光
380	员工手册里没写死灵术。
381	灯笼税
382	幽灵在一栋没有窗户的楼里要了靠窗座位。
383	人事部死灵术
384	迪斯科舞厅严格执行自带脉搏政策。
385	梦游这边走
386	掘墓人开始按返场次数收费了。
387	午夜之后没有割草机
388	万恶之根
389	走错坟墓的迪斯科
390	午夜储备
391	二十个墓碑花盆
392	来自财务部的实习生
393	最多五篇悼词
394	坟墓需要许可
395	强制迪斯科
396	嫁接墓地夜班
397	没有植物的捉鬼人
398	葬礼花艺
399	复活手续
400	停电野餐
401	给失眠者的种子
402	保护守夜人
403	四千五百个月亮
404	来自坟墓彼端的铁桶
405	黎明前的最后一舞
406	花岗岩的坟墓失误
407	泳池恐慌
408	水面需要睡莲筏。
409	潮汐脉冲每 28 秒带来 75 阳光。
410	你在水里干什么
411	禁止跳水，除了那个无视告示牌的家伙。
412	先有筏，后有理
413	泳池过滤器正在重新考虑职业生涯。
414	深水区
415	救生员的哨子显然只是装饰。
416	持证救生员
417	浅水区的人手问题出奇地深。
418	可疑的买卖
419	一只橡皮鸭提交了唯一有用的事故报告。
420	别把水溅到阳光花苞上
421	二十二个漂浮的决定
422	泳道绳可有可无
423	太阳能泳池加热器
424	存下 3500 未花费的阳光并击退所有波次。
425	成人最后下水
426	潜水捞投诉
427	泳池边自助餐
428	快速道浮潜
429	海岛园艺
430	嫁接睡莲
431	深水炸弹星期二
432	最多五个漂浮物
433	露天泳池熄灯
434	睡莲筏配给
435	小桶和铲子
436	拯救救生员座椅
437	四千瓶防晒霜
438	实习生落水
439	全员离开泳池
440	花岗岩溅起水花
441	屋顶骚乱
442	预告的阵风会把一行僵尸往回推。
443	施工会封锁部分格子。
444	不含楼梯
445	电梯坏了，常识也没了。
446	不含太阳能板
447	鸽子把所有责任都推给了管理层。
448	烟囱安全研讨会
449	屋顶保修明确不包括巨型大棒。
450	滑翔机停车场
451	烟囱清扫工把清理理解成了拆除。
452	快递员坐电梯
453	顶层公寓的景观显然包括来袭的僵尸。
454	屋顶上的根
455	割草机恐高
456	鸽子交通管制
457	屋顶应急储备
458	二十个屋顶花盆
459	消防梯上的实习生
460	鸽子工会
461	五个坠落的花盆
462	施工许可审批中
463	云端嫁接
464	防空沙拉炮台
465	屋顶咖啡馆
466	随身携带的种子
467	漏水下的铁桶
468	楼上特别专递
469	拯救屋顶花园
470	四千五百扇天窗
471	瓦片上的夜晚
472	屋顶高峰期
473	消防梯上的熔炉
474	瓶装阳光
475	立即增加 200 阳光。
476	购买的阳光可以花费和储蓄，但不计入“收集阳光”类目标。
477	堆肥茶
478	为每株存活的植物恢复 750 生命，不超过其上限。
479	冰霜瓶
480	冻结所有可被攻击的敌人 5 秒；巨人抵抗一半。
481	辣椒炸弹
482	在离房子最近的敌人周围造成 900 范围伤害。
483	房屋修理包
484	恢复 1 点基地完整度。
485	无法抹除已失败的不许突破目标。
486	种子时钟
487	立即重置所有种子的充能。
488	霜冻生菜种子许可证
489	永久解锁此种子。
490	太阳君主种子许可证
491	凤凰百合种子许可证
492	风暴蓟种子许可证
493	古橡树种子许可证
494	阳光磁铁
495	立即收集场上所有阳光。
496	计为普通收集。
497	粘胶陷阱
498	使场上所有僵尸的速度减半，持续 8 秒。
499	巨人们觉得这是奇耻大辱。
500	洒水器 I
501	每级使所有种子充能加快 5%。
502	补水是一种生活方式。
503	洒水器 II
504	洒水器 III
505	种子袋 I
506	每级使开局种子冷却缩短 25%。
507	口袋，但很有战略。
508	种子袋 II
509	阳光透镜 I
510	每级使天空掉落的阳光价值 +5。
511	太阳可没同意这件事。
512	阳光透镜 II
