keys,en,ru,zh_CN,ja,de
ALMANAC_FEE,fee +{n},сбор +{n},手续费 +{n},手数料 +{n},Gebühr +{n}
ALMANAC_FOUND,Discovered {n} of {max} grafts.,Открыто прививок: {n} из {max}.,已发现 {n}/{max} 种嫁接。,接ぎ木 {n}/{max} 種を発見。,{n} von {max} Veredelungen entdeckt.
ALMANAC_GRAFTS,Grafts,Прививки,嫁接,接ぎ木,Veredelungen
ALMANAC_GRAFT_COST,{n} sun (seed + {fee} fee),{n} солнца (семя + сбор {fee}),{n} 阳光（种子 + {fee} 手续费）,{n} 太陽（タネ + 手数料 {fee}）,{n} Sonne (Samen + {fee} Gebühr)
ALMANAC_GRAFT_HELP,"Grafts cost the catalyst seed plus a fee. The base plant must be grown, and each level caps how many hybrids you can keep. Two plants of the same kind can also have a recipe.","Прививка стоит семени-катализатора плюс сбор. Базовое растение должно подрасти, а на каждом уровне есть лимит гибридов. У двух одинаковых растений тоже может быть рецепт.",嫁接需要消耗催化种子加上一笔手续费。基础植物必须已长成，且每关都会限制可保留的杂交植物数量。两株同种植物也可以有配方。,接ぎ木には触媒となるタネと手数料がかかります。ベースの植物は成長している必要があり、ステージごとに保持できるハイブリッドの数に上限があります。同じ種類の植物2つにもレシピがある場合があります。,"Eine Veredelung kostet den Katalysator-Samen plus eine Gebühr. Die Basispflanze muss ausgewachsen sein, und jedes Level begrenzt, wie viele Hybriden du behalten kannst. Auch zwei Pflanzen derselben Art können ein Rezept haben."
ALMANAC_HINTED,hinted,есть подсказка,已提示,ヒントあり,Hinweis
ALMANAC_MAX_ON_BOARD,Only {n} may grow on the lawn at a time.,На газоне одновременно может расти не больше {n}.,草坪上同时最多只能有 {n} 株。,芝生に同時に置けるのは {n} 体までです。,Nur {n} gleichzeitig auf dem Rasen.
ALMANAC_NOT_TRIED,not tried yet,ещё не пробовали,尚未尝试,未発見,noch nicht ausprobiert
ALMANAC_PICK,Pick an entry on the left.,Выберите запись слева.,请在左侧选择一个条目。,左の項目を選んでください。,Wähle links einen Eintrag.
ALMANAC_PLANTS,Plants,Растения,植物,植物,Pflanzen
ALMANAC_RECIPE,Graft: {a} + {b},Прививка: {a} + {b},嫁接：{a} + {b},接ぎ木：{a} + {b},Veredelung: {a} + {b}
ALMANAC_ZOMBIES,Zombies,Зомби,僵尸,ゾンビ,Zombies
ARMOR_BUCKET,bucket,ведро,铁桶,バケツ,Eimer
ARMOR_CONE,cone,конус,路障,コーン,Pylon
ARMOR_HELMET,helmet,шлем,头盔,ヘルメット,Helm
ARMOR_NONE,none,нет,无,なし,keine
ARMOR_SHIELD,shield,щит,盾牌,盾,Schild
BANNER_GARGANTUAN_FURNACE,Furnace Gargantuan: preheating the salad.,Печной гаргантюа: разогреваем салат.,熔炉巨人：沙拉预热中。,かまどガルガンチュア：サラダを予熱中。,Ofen-Gargantua: Der Salat wird vorgeheizt.
BANNER_GARGANTUAN_GRANITE,Granite Gargantuan: incoming interns!,Гранитный гаргантюа: летят стажёры!,花岗岩巨人：实习生来袭！,花崗岩ガルガンチュア：インターンが飛んでくるぞ！,Granit-Gargantua: Praktikanten im Anflug!
BANNER_GARGANTUAN_STORM,Storm Gargantuan: your warranty has expired.,Грозовой гаргантюа: ваша гарантия истекла.,风暴巨人：你的保修已过期。,嵐のガルガンチュア：保証期間は終了しました。,Sturm-Gargantua: Deine Garantie ist abgelaufen.
CRAFT_INSTALLED,(installed),(установлено),（已安装）,（導入済み）,(installiert)
CRAFT_NEEDS_TIER,(needs tier {n} first),(сначала нужен уровень {n}),（需先达到第 {n} 级）,（先にランク {n} が必要）,(erst Stufe {n} nötig)
CRAFT_OWNED,({n} owned),(есть: {n}),（拥有 {n} 个）,（{n} 個所持）,({n} im Besitz)
CRAFT_UNLOCKED,(unlocked),(открыто),（已解锁）,（解放済み）,(freigeschaltet)
DIFFICULTY_HARD,Hard,Сложно,困难,ハード,Schwer
DIFFICULTY_HARD_PLUS,Hard+,Сложно+,困难+,ハード+,Schwer+
DIFFICULTY_STANDARD,Standard,Обычно,标准,ノーマル,Standard
DIFF_DESC_HARD,"15% more zombies, +15% bite damage, they take 10% less damage. Same speed and wave timing. Coins ×1.25.","На 15% больше зомби, укусы +15%, зомби получают на 10% меньше урона. Скорость и темп волн прежние. Монеты ×1,25.",僵尸增加 15%，啃咬伤害 +15%，受到的伤害减少 10%。速度与波次节奏不变。金币 ×1.25。,ゾンビ15%増、かみつきダメージ+15%、被ダメージ10%減。速度とウェーブ間隔は同じ。コイン×1.25。,"15 % mehr Zombies, +15 % Bissschaden, sie erleiden 10 % weniger Schaden. Gleiche Geschwindigkeit und Wellentaktung. Münzen ×1,25."
DIFF_DESC_HARD_PLUS,"25% more zombies, +5% speed, +30% bite damage, they take 15% less damage, waves 5% closer. Coins ×1.5.","На 25% больше зомби, скорость +5%, укусы +30%, зомби получают на 15% меньше урона, волны на 5% чаще. Монеты ×1,5.",僵尸增加 25%，速度 +5%，啃咬伤害 +30%，受到的伤害减少 15%，波次间隔缩短 5%。金币 ×1.5。,ゾンビ25%増、速度+5%、かみつきダメージ+30%、被ダメージ15%減、ウェーブ間隔5%短縮。コイン×1.5。,"25 % mehr Zombies, +5 % Tempo, +30 % Bissschaden, sie erleiden 15 % weniger Schaden, Wellen 5 % dichter. Münzen ×1,5."
DIFF_DESC_STANDARD,The intended experience.,Задуманный опыт игры.,预期的游戏体验。,想定どおりの遊びごたえ。,Das vorgesehene Spielerlebnis.
ENDLESS_REACHED,Reached wave {n}  ·  Best: {best},Достигнута волна {n}  ·  Рекорд: {best},到达第 {n} 波  ·  最佳：{best},ウェーブ {n} に到達  ·  最高：{best},Welle {n} erreicht  ·  Rekord: {best}
FAIL_BREACH,The house was breached. The welcome mat was not an invitation.,Дом прорван. Коврик «Добро пожаловать» не был приглашением.,房子被攻破了。门口的欢迎垫可不是邀请函。,家に侵入された。玄関マットは招待状じゃない。,Das Haus wurde gestürmt. Die Fußmatte war keine Einladung.
FAIL_LOSSES,Too many plants lost: {n} / {max},Потеряно слишком много растений: {n} / {max},损失的植物过多：{n}/{max},失った植物が多すぎる：{n}/{max},Zu viele Pflanzen verloren: {n} / {max}
FAIL_STALL,The garden went quiet: no sun income left to finish the objective.,"Сад затих: не осталось дохода солнца, чтобы выполнить цель.",花园陷入沉寂：已没有阳光收入来完成目标。,庭が静まり返った：目標を達成するための太陽収入がない。,"Im Garten ist es still geworden: kein Sonneneinkommen mehr, um das Ziel zu erreichen."
FAIL_TIME,Time limit exceeded.,Время вышло.,超出时间限制。,制限時間を超えた。,Zeitlimit überschritten.
FEATURE_GRAFT,"Grafting unlocked! Drop a seed on a grown plant to merge them into a hybrid, if a recipe exists. Two plants of the same kind can make a twin hybrid too (Sunbud + Sunbud = Twin Sunbud). Hybrids can't be planted directly.","Прививки открыты! Бросьте семя на подросшее растение, чтобы объединить их в гибрид, если есть рецепт. Два одинаковых растения тоже дают гибрид-двойник (Солнечник + Солнечник = Двойной солнечник). Гибриды нельзя посадить напрямую.",嫁接已解锁！只要存在配方，把种子放到已长成的植物上就能将它们融合成杂交植物。两株同种植物也能组成双子杂交植物（阳光花苞 + 阳光花苞 = 双子阳光花苞）。杂交植物不能直接种植。,接ぎ木が解放された！レシピがあれば、成長した植物にタネを落としてハイブリッドに合体できる。同じ種類の植物2つでもツインハイブリッドになる（サンバッド + サンバッド = ツインサンバッド）。ハイブリッドは直接植えられない。,"Veredeln freigeschaltet! Lass einen Samen auf eine ausgewachsene Pflanze fallen, um sie zu einer Hybride zu verschmelzen, sofern es ein Rezept gibt. Auch zwei Pflanzen derselben Art können eine Zwillingshybride ergeben (Sonnenknospe + Sonnenknospe = Doppelte Sonnenknospe). Hybriden kann man nicht direkt pflanzen."
FIELD_CONVEYOR,Conveyor,Конвейер,传送带,ベルトコンベア,Förderband
FIELD_FROST,Frost,Мороз,霜冻,霜,Frost
FIELD_HEAT,Heat,Жара,酷热,熱波,Hitze
FIELD_LOW_GRAVITY,Low gravity,Низкая гравитация,低重力,低重力,Geringe Schwerkraft
FIELD_NIGHT,Night,Ночь,夜晚,夜,Nacht
FIELD_NORMAL,Normal,Обычное поле,普通,通常,Normal
FIELD_PULSE,Field pulse in lane {n}: {rule},Импульс поля на линии {n}: {rule},第 {n} 行场地脉冲：{rule},{n} 列目にフィールドパルス：{rule},Feldimpuls auf Reihe {n}: {rule}
FIELD_TIDE,Tide,Прилив,潮汐,潮,Flut
FIELD_WIND,Wind,Ветер,强风,風,Wind
GAME_FOOTER,Fan project · original art · v0.7 hybrids only & localization,Фанатский проект · оригинальная графика · v0.7: только гибриды и локализация,同人项目 · 原创美术 · v0.7：纯杂交与多语言,ファンプロジェクト · オリジナルアート · v0.7：ハイブリッド専用＆多言語対応,Fanprojekt · eigene Grafik · v0.7: nur Hybriden & Lokalisierung
GAME_SUBTITLE,Grow it. Graft it. Hold the lawn.,Вырасти. Привей. Удержи газон.,种植。嫁接。守住草坪。,育てて、接いで、芝生を守れ。,Pflanzen. Veredeln. Den Rasen halten.
GAME_TITLE,Garden Defense,Защита сада,花园保卫战,ガーデンディフェンス,Garden Defense
HELP_BASICS_B,"Collect [b]sun[/b] and spend it on seed packets on the left. Tap a packet, then a tile. Zombies walk in from the right; if one reaches your house in a lane without a lawn mower, you lose. The bar at the top shows wave progress and flags mark huge waves.

Use [b]speed[/b] (top right) to fast-forward and the [b]shovel[/b] (bottom right) to remove a plant.","Собирайте [b]солнце[/b] и тратьте его на пакеты семян слева. Нажмите на пакет, затем на клетку. Зомби идут справа; если один из них дойдёт до дома по линии без газонокосилки, вы проиграете. Полоса сверху показывает ход волн, флажки отмечают большие волны.

Кнопка [b]скорости[/b] (справа сверху) ускоряет игру, [b]лопата[/b] (справа снизу) убирает растение.","收集[b]阳光[/b]，用来购买左侧的种子包。先点种子包，再点格子。僵尸从右边走来；如果有僵尸在没有割草机的行抵达你的房子，你就输了。顶部进度条显示波次进度，旗帜标记大波僵尸。

用[b]速度[/b]（右上）快进，用[b]铲子[/b]（右下）移除植物。","[b]太陽[/b]を集めて、左のタネ袋に使おう。タネ袋をタップしてからマスをタップ。ゾンビは右から歩いてくる。芝刈り機のない列でゾンビが家にたどり着くと負け。上のバーはウェーブの進行を示し、旗は大きなウェーブを表す。

[b]速度[/b]（右上）で早送り、[b]シャベル[/b]（右下）で植物を取り除ける。","Sammle [b]Sonne[/b] und gib sie für die Samentüten links aus. Tippe auf eine Tüte, dann auf ein Feld. Zombies kommen von rechts; erreicht einer dein Haus in einer Reihe ohne Rasenmäher, verlierst du. Die Leiste oben zeigt den Wellenfortschritt, Flaggen markieren große Wellen.

Mit [b]Tempo[/b] (oben rechts) spulst du vor, mit der [b]Schaufel[/b] (unten rechts) entfernst du eine Pflanze."
HELP_BASICS_T,Basics,Основы,基础,基本,Grundlagen
HELP_FUSION_B,"Planting a seed on a matching plant of the same layer makes a [b]hybrid[/b] - the order does not matter. Plants on different layers (for example Pumpkin Shell + Bramble Vine) can only be fused with the glove. Discovered recipes appear in the Almanac.

Plants never level up in place: every combination, including two of the same plant, is a hybrid recipe.","Если посадить семя на подходящее растение того же слоя, получится [b]гибрид[/b] — порядок не важен. Растения разных слоёв (например, Тыквенный панцирь + Ежевичная лоза) можно объединить только перчаткой. Открытые рецепты появляются в Альманахе.

Растения никогда не улучшаются на месте: любая комбинация, включая два одинаковых растения, — это рецепт гибрида.","把种子种在同一层上相匹配的植物上会得到[b]杂交植物[/b]——顺序无关。不同层的植物（例如南瓜壳 + 荆棘藤）只能用手套融合。已发现的配方会出现在图鉴中。

植物永远不会原地升级：每种组合，包括两株同种植物，都是杂交配方。","同じレイヤーの対応する植物にタネを植えると[b]ハイブリッド[/b]になる――順番は関係ない。違うレイヤーの植物（例：パンプキンシェル + イバラヅル）はグローブでしか合体できない。発見したレシピは図鑑に載る。

植物がその場でレベルアップすることはない：同じ植物2つも含め、すべての組み合わせがハイブリッドのレシピだ。","Ein Samen auf einer passenden Pflanze derselben Ebene ergibt eine [b]Hybride[/b] – die Reihenfolge ist egal. Pflanzen auf verschiedenen Ebenen (zum Beispiel Kürbisschale + Brombeerranke) lassen sich nur mit dem Handschuh verschmelzen. Entdeckte Rezepte stehen im Almanach.

Pflanzen steigen nie an Ort und Stelle auf: Jede Kombination, auch zwei gleiche Pflanzen, ist ein Hybridrezept."
HELP_FUSION_T,Fusion,Слияние,融合,合体,Fusion
HELP_GLOVE_B,"Tap the [b]glove[/b] (bottom right), then a plant to pick it up, then a destination.
- Empty tile: the plant moves there (keeps its health).
- Another plant: tries to fuse them, even across layers.
The glove recharges for a few seconds after every move.","Нажмите на [b]перчатку[/b] (справа снизу), затем на растение, чтобы поднять его, затем на место назначения.
- Пустая клетка: растение переезжает туда (здоровье сохраняется).
- Другое растение: попытка слияния, даже между слоями.
После каждого переноса перчатка перезаряжается несколько секунд.","点击[b]手套[/b]（右下），再点一株植物将其拿起，然后点目的地。
- 空格子：植物移动到那里（保留生命值）。
- 另一株植物：尝试融合，即使跨层也可以。
每次移动后手套需要充能几秒。","[b]グローブ[/b]（右下）をタップし、植物をタップして持ち上げ、移動先をタップ。
- 空きマス：植物がそこへ移動する（体力はそのまま）。
- 別の植物：レイヤーが違っても合体を試みる。
グローブは移動のたびに数秒チャージが必要。","Tippe auf den [b]Handschuh[/b] (unten rechts), dann auf eine Pflanze, um sie aufzuheben, dann auf ein Ziel.
- Leeres Feld: Die Pflanze zieht dorthin um (ihre Gesundheit bleibt).
- Andere Pflanze: Versucht, sie zu verschmelzen, auch über Ebenen hinweg.
Nach jedem Zug lädt der Handschuh einige Sekunden nach."
HELP_GLOVE_T,Glove,Перчатка,手套,グローブ,Handschuh
HELP_LAYERS_B,"Every tile has four layers:
[b]v Under[/b] - ground cover such as Pea Bedding and Thorn Carpet. Shoots low and is ignored by most zombies.
[b]Main[/b] - normal plants.
[b]o Shell[/b] - armour such as Pumpkin Shell; zombies must eat it first.
[b]^ Air[/b] - flying plants such as Garlic Drone. Ground zombies cannot reach them; only Balloon and Slingshot zombies can.","У каждой клетки четыре слоя:
[b]v Нижний[/b] — почвопокровные, например Гороховая грядка и Шипастый ковёр. Стреляют низко, большинство зомби их не замечает.
[b]Основной[/b] — обычные растения.
[b]o Панцирь[/b] — броня вроде Тыквенного панциря; зомби сначала съедают её.
[b]^ Воздух[/b] — летающие растения, например Чесночный дрон. Наземные зомби до них не достают, только зомби на шаре и с рогаткой.","每个格子有四层：
[b]v 底层[/b]——地被植物，如豌豆苗床和荆棘地毯。低空射击，大多数僵尸会无视它。
[b]主层[/b]——普通植物。
[b]o 外壳层[/b]——护甲，如南瓜壳；僵尸必须先吃掉它。
[b]^ 空中层[/b]——飞行植物，如大蒜无人机。地面僵尸够不着，只有气球僵尸和弹弓僵尸可以。","各マスには4つのレイヤーがある：
[b]v 下層[/b]――ピーベッドやトゲカーペットのような地面の植物。低い弾を撃ち、ほとんどのゾンビに無視される。
[b]メイン[/b]――普通の植物。
[b]o シェル[/b]――パンプキンシェルのような鎧。ゾンビはまずこれを食べなければならない。
[b]^ 空中[/b]――ガーリックドローンのような飛ぶ植物。地上のゾンビは届かず、風船ゾンビとパチンコゾンビだけが攻撃できる。","Jedes Feld hat vier Ebenen:
[b]v Unten[/b] – Bodendecker wie Erbsenbeet und Dornenteppich. Schießt flach und wird von den meisten Zombies ignoriert.
[b]Haupt[/b] – normale Pflanzen.
[b]o Schale[/b] – Panzerung wie die Kürbisschale; Zombies müssen sie zuerst fressen.
[b]^ Luft[/b] – fliegende Pflanzen wie die Knoblauchdrohne. Bodenzombies erreichen sie nicht; nur Ballon- und Schleuder-Zombies."
HELP_LAYERS_T,Layers,Слои,层,レイヤー,Ebenen
HELP_LEGENDARY_B,"Legendary plants have a golden frame. They are rare rewards from late campaign levels: Aegis Pumpkin, Thunder Root, Sky Dragon, Chrono Clover, Bean Patriarch, Starfall Melon and more. They cost a lot of sun and have a long recharge.","У легендарных растений золотая рамка. Это редкие награды поздних уровней кампании: Тыква-эгида, Громовой корень, Небесный дракон, Хроноклевер, Бобовый патриарх, Звездопадная дыня и другие. Они стоят много солнца и долго перезаряжаются.",传说植物带有金色边框。它们是战役后期关卡的稀有奖励：神盾南瓜、雷霆根、天龙果、时光四叶草、豆族长老、星落西瓜等。它们需要大量阳光，充能时间也很长。,伝説の植物は金色の枠を持つ。キャンペーン終盤のステージで手に入るレアな報酬だ：イージスパンプキン、サンダールート、スカイドラゴンフルーツ、クロノクローバー、ビーンパトリアーク、スターフォールメロンなど。太陽を大量に消費し、チャージも長い。,"Legendäre Pflanzen haben einen goldenen Rahmen. Sie sind seltene Belohnungen aus späten Kampagnenleveln: Aegis-Kürbis, Donnerwurzel, Himmelsdrache, Chronoklee, Bohnenpatriarch, Sternfall-Melone und mehr. Sie kosten viel Sonne und laden lange nach."
HELP_LEGENDARY_T,Legendary plants,Легендарные растения,传说植物,伝説の植物,Legendäre Pflanzen
HELP_MODES_B,"[b]Adventure[/b] - 200 levels in 8 worlds with special missions.
[b]Endless Zone[/b] - survive as many waves as possible; your best wave is saved.
[b]Daily Challenge[/b] - a new level with fixed seeds every day, with a bonus reward.","[b]Приключение[/b] — 200 уровней в 8 мирах с особыми миссиями.
[b]Бесконечная зона[/b] — продержитесь как можно больше волн; лучший результат сохраняется.
[b]Ежедневное испытание[/b] — каждый день новый уровень с заданными семенами и бонусной наградой.","[b]冒险[/b]——8 个世界共 200 关，包含特殊任务。
[b]无尽模式[/b]——尽可能撑过更多波次，会保存你的最佳波次。
[b]每日挑战[/b]——每天一个固定种子的新关卡，附带额外奖励。","[b]アドベンチャー[/b]――8つのワールドに200ステージ、特殊ミッションつき。
[b]エンドレスゾーン[/b]――できるだけ多くのウェーブを生き延びよう。最高ウェーブが記録される。
[b]デイリーチャレンジ[/b]――毎日タネ固定の新ステージ、ボーナス報酬つき。","[b]Abenteuer[/b] – 200 Level in 8 Welten mit Spezialmissionen.
[b]Endloszone[/b] – überlebe so viele Wellen wie möglich; deine beste Welle wird gespeichert.
[b]Tägliche Herausforderung[/b] – jeden Tag ein neues Level mit festen Samen und Bonusbelohnung."
HELP_MODES_T,Game modes,Режимы игры,游戏模式,ゲームモード,Spielmodi
HELP_TWINS_B,"There are no upgrades or stars: a plant never improves in place. Instead, some pairs of the [b]same[/b] plant have their own hybrid recipe:
- Sunbud + Sunbud = Twin Sunbud
- Pod Shooter + Pod Shooter = Twin Pod
- Bark Wall + Bark Wall = Ironbark Wall
And some unusual pairs work as well, for example Rime Lettuce + Pod Shooter = Glacier Shooter. Twin hybrids use a slot of the level's hybrid cap like any other hybrid.","Улучшений и звёзд нет: растение никогда не усиливается на месте. Зато у некоторых пар [b]одинаковых[/b] растений есть свой рецепт гибрида:
- Солнечник + Солнечник = Двойной солнечник
- Стручкострел + Стручкострел = Двойной стручкострел
- Стена из коры + Стена из коры = Железная кора
Работают и необычные пары, например Ледяной салат + Стручкострел = Ледниковый стрелок. Гибриды-двойники занимают место в лимите гибридов уровня, как и любые другие.","没有升级也没有星级：植物永远不会原地变强。相反，一些[b]同种[/b]植物的组合拥有自己的杂交配方：
- 阳光花苞 + 阳光花苞 = 双子阳光花苞
- 豆荚射手 + 豆荚射手 = 双发豆荚
- 树皮墙 + 树皮墙 = 铁皮树墙
一些不寻常的组合也可以，例如霜冻生菜 + 豆荚射手 = 冰川射手。双子杂交植物和其他杂交植物一样，会占用本关的杂交名额。","強化やスターはない：植物がその場で強くなることはない。そのかわり、[b]同じ[/b]植物のペアの中には専用のハイブリッドレシピを持つものがある：
- サンバッド + サンバッド = ツインサンバッド
- ポッドシューター + ポッドシューター = ツインポッド
- バークウォール + バークウォール = アイアンバークウォール
変わった組み合わせもある。例えば霧氷レタス + ポッドシューター = グレイシャーシューター。ツインハイブリッドも他のハイブリッドと同じく、ステージのハイブリッド枠を1つ使う。","Es gibt keine Upgrades oder Sterne: Eine Pflanze wird nie an Ort und Stelle besser. Stattdessen haben manche Paare [b]gleicher[/b] Pflanzen ein eigenes Hybridrezept:
- Sonnenknospe + Sonnenknospe = Doppelte Sonnenknospe
- Schotenschütze + Schotenschütze = Doppelschote
- Borkenwall + Borkenwall = Eisenborkenwall
Auch ungewöhnliche Paare funktionieren, zum Beispiel Raureif-Salat + Schotenschütze = Gletscherschütze. Zwillingshybriden belegen wie jede andere Hybride einen Platz im Hybridlimit des Levels."
HELP_TWINS_T,Twin hybrids,Гибриды-двойники,双子杂交,ツインハイブリッド,Zwillingshybriden
HELP_ZOMBIES_B,"Zombies have a [b]tier[/b] (basic, armoured, elite, boss) and a [b]profile[/b]:
- Ground: hit by everything.
- Low (Cardboard Box): straight shots fly over it; use low shots, catapults, thorns or explosions.
- Air (Balloon): flies over most plants. Hit it with anti-air (Spine Cactus), flying plants, wind, bees, freezing or explosions.
Slingshot zombies attack flying plants from a distance.","У зомби есть [b]ранг[/b] (обычный, бронированный, элитный, босс) и [b]профиль[/b]:
- Наземный: по нему попадает всё.
- Низкий (в коробке): прямые выстрелы пролетают над ним; используйте низкие выстрелы, катапульты, шипы или взрывы.
- Воздушный (на шаре): летит над большинством растений. Сбивайте его ПВО (Колючий кактус), летающими растениями, ветром, пчёлами, заморозкой или взрывами.
Зомби с рогаткой атакуют летающие растения издалека.","僵尸有[b]等级[/b]（普通、装甲、精英、首领）和[b]类型[/b]：
- 地面：所有攻击都能命中。
- 低矮（纸箱）：直线子弹会从上方飞过；请使用低空射击、投石车、尖刺或爆炸。
- 空中（气球）：飞越大多数植物。用防空（尖刺仙人掌）、飞行植物、风、蜜蜂、冰冻或爆炸来对付。
弹弓僵尸会远距离攻击飞行植物。","ゾンビには[b]ランク[/b]（ノーマル、装甲、エリート、ボス）と[b]タイプ[/b]がある：
- 地上：あらゆる攻撃が当たる。
- 低い（ダンボール）：まっすぐな弾は上を通り過ぎる。低い弾、カタパルト、トゲ、爆発を使おう。
- 空中（風船）：ほとんどの植物の上を飛んでいく。対空（トゲサボテン）、飛ぶ植物、風、ハチ、凍結、爆発で攻撃しよう。
パチンコゾンビは離れた場所から飛ぶ植物を攻撃する。","Zombies haben eine [b]Stufe[/b] (einfach, gepanzert, Elite, Boss) und ein [b]Profil[/b]:
- Boden: wird von allem getroffen.
- Flach (Karton): Gerade Schüsse fliegen darüber; nutze flache Schüsse, Katapulte, Dornen oder Explosionen.
- Luft (Ballon): fliegt über die meisten Pflanzen. Triff ihn mit Flugabwehr (Stachelkaktus), fliegenden Pflanzen, Wind, Bienen, Frost oder Explosionen.
Schleuder-Zombies greifen fliegende Pflanzen aus der Ferne an."
HELP_ZOMBIES_T,Zombie types,Типы зомби,僵尸类型,ゾンビのタイプ,Zombiearten
HUB_CAMPAIGN,Campaign: {n} / {max} cleared · Worlds unlock in order,Кампания: пройдено {n} / {max} · миры открываются по порядку,战役：已通关 {n}/{max} · 世界按顺序解锁,キャンペーン：{n}/{max} クリア · ワールドは順番に解放,Kampagne: {n} / {max} geschafft · Welten werden der Reihe nach freigeschaltet
HUB_CLEARED,{n} / {max} cleared,Пройдено {n} / {max},已通关 {n}/{max},{n}/{max} クリア,{n} / {max} geschafft
HUB_HEADER,Garden Defense · Eight Worlds,Защита сада · Восемь миров,花园保卫战 · 八个世界,ガーデンディフェンス · 8つのワールド,Garden Defense · Acht Welten
HUB_LAWN_TAG,Classic campaign · 16 stages,Классическая кампания · 16 этапов,经典战役 · 16 关,クラシックキャンペーン · 16ステージ,Klassische Kampagne · 16 Etappen
HUB_LOCKED,Coming in a later update,Появится в следующем обновлении,将在后续更新中推出,今後のアップデートで追加予定,Kommt in einem späteren Update
HUB_NEEDS_WORLD,Clear all {n} levels of {name},Пройдите все {n} уровней мира «{name}»,通关{name}的全部 {n} 关,{name}の全 {n} ステージをクリア,Schaffe alle {n} Level von {name}
HUB_POOL_TAG,Poolside route · 7 stages,Маршрут у бассейна · 7 этапов,泳池路线 · 7 关,プールサイドルート · 7ステージ,Poolroute · 7 Etappen
HUB_READY,Ready to grow,Готово к посадке,准备种植,育てる準備OK,Bereit zum Wachsen
HUB_TITLE,Choose a garden,Выберите сад,选择花园,庭を選ぼう,Wähle einen Garten
HUD_BASE_INTEGRITY,Gate {n}/{max},Ворота {n}/{max},大门 {n}/{max},門 {n}/{max},Tor {n}/{max}
HUD_BREACH,Breach! Gate integrity: {n},Прорыв! Прочность ворот: {n},被突破！大门完整度：{n},突破された！門の耐久：{n},Durchbruch! Torzustand: {n}
HUD_FINAL_WAVE,Final wave!,Последняя волна!,最后一波！,最終ウェーブ！,Letzte Welle!
HUD_GLOVE_MOVE,"Glove: tap an empty tile to move, a plant to fuse","Перчатка: пустая клетка — перенос, растение — слияние",手套：点空格子移动，点植物融合,グローブ：空きマスで移動、植物で合体,"Handschuh: leeres Feld zum Umsetzen, Pflanze zum Verschmelzen antippen"
HUD_GLOVE_PICK,Glove: tap a plant to pick it up,"Перчатка: нажмите на растение, чтобы поднять его",手套：点一株植物将其拿起,グローブ：植物をタップして持ち上げる,Handschuh: Pflanze zum Aufheben antippen
HUD_GRAFT_INTO,Graft → {name} ({cost}),Прививка → {name} ({cost}),嫁接 → {name}（{cost}）,接ぎ木 → {name}（{cost}）,Veredeln → {name} ({cost})
HUD_HUGE_WAVE,A big wave is coming!,Приближается большая волна!,一大波僵尸即将来袭！,大きなウェーブが来る！,Eine große Welle kommt!
HUD_HYBRIDS,Hybrids {n}/{max},Гибриды {n}/{max},杂交 {n}/{max},ハイブリッド {n}/{max},Hybriden {n}/{max}
HUD_MENU,Menu,Меню,菜单,メニュー,Menü
HUD_MOWER_KIT,Repair mower ({n}),Починить косилку ({n}),修理割草机（{n}）,芝刈り機を修理（{n}）,Mäher reparieren ({n})
HUD_PAUSE,Pause,Пауза,暂停,一時停止,Pause
HUD_PAUSED,Paused,Пауза,已暂停,一時停止中,Pausiert
HUD_READY_SET_PLANT,Ready... Set... PLANT!,На старт... Внимание... САЖАЙ!,预备……开始……种植！,よーい……どん……植えろ！,Achtung... fertig... PFLANZEN!
HUD_SHOVEL,Shovel,Лопата,铲子,シャベル,Schaufel
HUD_SPEED,Game speed,Скорость игры,游戏速度,ゲーム速度,Spieltempo
HUD_WAVE_WARNING,Big wave in {n}…,Большая волна через {n}…,大波僵尸 {n} 秒后到来…,大ウェーブまで {n} 秒…,Große Welle in {n}…
IMMUNE_DEVOUR,being swallowed,проглатыванию,吞噬,丸のみ,Verschlucken
IMMUNE_FREEZE,freezing,заморозке,冰冻,凍結,Einfrieren
IMMUNE_PULL,pulling,притягиванию,牵引,引き寄せ,Heranziehen
IMMUNE_PUSH,push-back,отбрасыванию,击退,押し戻し,Zurückstoßen
LANG_DE,Deutsch,Deutsch,Deutsch,Deutsch,Deutsch
LANG_EN,English,English,English,English,English
LANG_JA,日本語,日本語,日本語,日本語,日本語
LANG_RU,Русский,Русский,Русский,Русский,Русский
LANG_ZH_CN,简体中文,简体中文,简体中文,简体中文,简体中文
LAYER_AIR,Air layer,Воздушный слой,空中层,空中レイヤー,Luftebene
LAYER_MAIN,Main layer,Основной слой,主层,メインレイヤー,Hauptebene
LAYER_SHELL,Shell layer,Слой панциря,外壳层,シェルレイヤー,Schalenebene
LAYER_UNDER,Under layer,Нижний слой,底层,下層レイヤー,Untere Ebene
MAP_BEACH_NAME,Beach,Пляж,海滩,ビーチ,Strand
MAP_BEST,best: {name},рекорд: {name},最佳：{name},最高：{name},Bestes: {name}
MAP_BONUS,Bonus,Бонус,奖励关,ボーナス,Bonus
MAP_CLEARED,Cleared ★,Пройдено ★,已通关 ★,クリア ★,Geschafft ★
MAP_DIFFICULTY_READONLY,Difficulty: {name}  (change it in Settings),Сложность: {name}  (меняется в настройках),难度：{name}（可在设置中更改）,難易度：{name}（設定で変更できます）,Schwierigkeit: {name}  (in den Einstellungen änderbar)
MAP_GATE,Star gate,Звёздные врата,星之门,スターゲート,Sternentor
MAP_GATE_DESC,Opens at {n} stars. You have {have}.,Откроются при {n} звёздах. У вас {have}.,需要 {n} 颗星才能打开。你有 {have} 颗。,スター {n} 個で開きます。所持：{have} 個。,Öffnet sich bei {n} Sternen. Du hast {have}.
MAP_GRAVEYARD_NAME,Night Graveyard,Ночное кладбище,夜间墓地,夜の墓地,Nachtfriedhof
MAP_JUNGLE_NAME,Night Jungle,Ночные джунгли,夜间丛林,夜のジャングル,Nachtdschungel
MAP_LAWN_NAME,Lawn,Газон,草坪,芝生,Rasen
MAP_LOCKED,Locked. Clear a neighbouring node first.,Закрыто. Сначала пройдите соседний узел.,未解锁。请先通关相邻节点。,ロック中。先に隣のポイントをクリアしよう。,Gesperrt. Schaffe zuerst einen benachbarten Punkt.
MAP_NEEDS_STARS,Needs {n} stars.,Нужно звёзд: {n}.,需要 {n} 颗星。,スターが {n} 個必要。,Benötigt {n} Sterne.
MAP_OASIS_NAME,Oasis,Оазис,绿洲,オアシス,Oase
MAP_OBJECTIVES,Objectives: {list},Цели: {list},目标：{list},目標：{list},Ziele: {list}
MAP_POOL_NAME,Poolside,Бассейн,泳池,プールサイド,Am Pool
MAP_REWARD_COINS,Reward: {n} coins,Награда: {n} монет,奖励：{n} 金币,報酬：{n} コイン,Belohnung: {n} Münzen
MAP_REWARD_PLANT,Reward: {name},Награда: {name},奖励：{name},報酬：{name},Belohnung: {name}
MAP_ROOF_NAME,Roof,Крыша,屋顶,屋根,Dach
MAP_SHOP_DESC,"Spend coins on seed slots, starting sun, spare mowers and recipe hints.","Тратьте монеты на ячейки семян, стартовое солнце, запасные косилки и подсказки рецептов.",花金币购买种子槽、初始阳光、备用割草机和配方提示。,コインでタネ枠、初期太陽、予備の芝刈り機、レシピのヒントを購入できます。,"Gib Münzen für Samenplätze, Startsonne, Ersatzmäher und Rezepthinweise aus."
MAP_TUNDRA_NAME,Tundra,Тундра,冻原,ツンドラ,Tundra
MAT_COMPOST,Compost,Компост,堆肥,堆肥,Kompost
MAT_CRYSTAL,Crystal,Кристалл,水晶,クリスタル,Kristall
MAT_SCRAP,Scrap,Металлолом,废料,スクラップ,Schrott
MENU_ENDLESS_BEST,Endless best: wave {n},Рекорд бесконечной зоны: волна {n},无尽最佳：第 {n} 波,エンドレス最高：ウェーブ {n},Endlos-Rekord: Welle {n}
MENU_PROGRESS,Levels cleared: {n} / {max},Пройдено уровней: {n} / {max},已通关：{n}/{max},クリアしたステージ：{n}/{max},Level geschafft: {n} / {max}
MISSION_CANNON,Click tile: cannon {s}s,Клик по клетке: пушка {s} с,点击格子：火炮 {s} 秒,マスをクリック：大砲 {s} 秒,Feld anklicken: Kanone {s} s
MISSION_REPAIR,Click plant: free repair {s}s,Клик по растению: бесплатный ремонт {s} с,点击植物：免费修复 {s} 秒,植物をクリック：無料修理 {s} 秒,Pflanze anklicken: Gratisreparatur {s} s
MODE_DAILY,Daily Challenge,Ежедневное испытание,每日挑战,デイリーチャレンジ,Tägliche Herausforderung
MODE_ENDLESS,Endless Zone,Бесконечная зона,无尽模式,エンドレスゾーン,Endloszone
MSG_BAD_SURFACE,This plant can't grow here,Это растение здесь не растёт,这株植物不能长在这里,この植物はここでは育たない,Diese Pflanze kann hier nicht wachsen
MSG_CAMPAIGN_VICTORY_RULE,Campaign victory requires all waves and objectives.,Для победы в кампании нужно пройти все волны и выполнить все цели.,战役胜利需要完成所有波次和目标。,キャンペーンの勝利には全ウェーブと全目標の達成が必要です。,Für einen Kampagnensieg müssen alle Wellen und Ziele geschafft werden.
MSG_CELL_OCCUPIED,Something is already growing here,Здесь уже что-то растёт,这里已经种了东西,ここにはもう何か植わっている,Hier wächst schon etwas
MSG_COINS_GAINED,+{n} coins,+{n} монет,+{n} 金币,+{n} コイン,+{n} Münzen
MSG_GLOVE_COOLDOWN,The glove is recharging ({s}s),Перчатка перезаряжается ({s} с),手套正在充能（{s} 秒）,グローブをチャージ中（{s} 秒）,Der Handschuh lädt nach ({s} s)
MSG_GLOVE_PICK,Pick up a plant first,Сначала поднимите растение,请先拿起一株植物,先に植物を持ち上げよう,Heb zuerst eine Pflanze auf
MSG_GRAFT_DISABLED,Grafting is not available here,Здесь прививки недоступны,这里无法嫁接,ここでは接ぎ木できない,Veredeln ist hier nicht möglich
MSG_HINT_GAINED,Hint: try {a} + {b},Подсказка: попробуйте {a} + {b},提示：试试 {a} + {b},ヒント：{a} + {b} を試そう,Tipp: Versuch {a} + {b}
MSG_HYBRID_CAP,Hybrid limit reached,Достигнут лимит гибридов,已达到杂交植物上限,ハイブリッドの上限に達した,Hybridlimit erreicht
MSG_LAYER_OCCUPIED,That layer of the tile is already used,Этот слой клетки уже занят,该格子的这一层已被占用,このマスのそのレイヤーはもう使われている,Diese Ebene des Feldes ist schon belegt
MSG_LEGENDARY_LIMIT,Only one of each legendary plant at a time,Каждое легендарное растение — только одно одновременно,每种传说植物同时只能有一株,伝説の植物は各1体まで,Jede legendäre Pflanze nur einmal gleichzeitig
MSG_NEEDS_RAFT,Water: plant a Lily Raft here first,Вода: сначала посадите здесь Кувшинку-плот,水面：请先在这里种睡莲筏,水上：先にスイレンいかだを植えよう,Wasser: Pflanze hier zuerst ein Seerosenfloß
MSG_NOT_ENOUGH_SUN,Not enough sun,Не хватает солнца,阳光不足,太陽が足りない,Nicht genug Sonne
MSG_NOT_READY,Let it grow a little first,Дайте ему сначала немного подрасти,先让它长一会儿,もう少し育ててから,Lass sie erst ein wenig wachsen
MSG_NO_RECIPE,These two don't graft,Эти два растения не прививаются,这两株无法嫁接,この2つは接ぎ木できない,Diese beiden lassen sich nicht veredeln
MSG_QUEST_DONE,Quest complete: {name}! Claim it in the Quest Log.,Задание выполнено: {name}! Заберите награду в журнале заданий.,任务完成：{name}！请到任务日志领取。,クエスト達成：{name}！クエストログで受け取ろう。,Quest erfüllt: {name}! Hol dir die Belohnung im Questbuch.
MSG_RECHARGING,Seed is recharging,Семя перезаряжается,种子正在充能,タネをチャージ中,Samen lädt nach
MSG_RECIPE_DISCOVERED,New graft: {name}!,Новая прививка: {name}!,新嫁接：{name}！,新しい接ぎ木：{name}！,Neue Veredelung: {name}!
OBJTYPE_BANK_SUN,bank {n} sun,накопить {n} солнца,存下 {n} 阳光,太陽を {n} 貯める,{n} Sonne ansparen
OBJTYPE_COLLECT_SUN,collect {n} sun,собрать {n} солнца,收集 {n} 阳光,太陽を {n} 集める,{n} Sonne sammeln
OBJTYPE_GRAFT_COUNT,make {n} grafts,сделать прививок: {n},完成 {n} 次嫁接,接ぎ木を {n} 回行う,{n} Veredelungen
OBJTYPE_LOSS_LIMIT,lose at most {n} plants,потерять не более {n} растений,最多损失 {n} 株植物,失う植物は {n} 体まで,höchstens {n} Pflanzen verlieren
OBJTYPE_NO_BREACH,at most {n} breaches,не более {n} прорывов,最多被突破 {n} 次,突破は {n} 回まで,höchstens {n} Durchbrüche
OBJTYPE_PLANT_LIMIT,at most {n} plant actions,не более {n} посадок,最多种植 {n} 次,植え付けは {n} 回まで,höchstens {n} Pflanzaktionen
OBJTYPE_TIME_LIMIT,finish within {n} s,успеть за {n} с,在 {n} 秒内完成,{n} 秒以内にクリア,in {n} s schaffen
OBJ_BANK_SUN,Bank sun {n}/{max},Накоплено солнца {n}/{max},存下阳光 {n}/{max},貯めた太陽 {n}/{max},Ersparte Sonne {n}/{max}
OBJ_BREACHES,Breaches {n}/{max},Прорывы {n}/{max},突破 {n}/{max},突破 {n}/{max},Durchbrüche {n}/{max}
OBJ_CLEAR_ALL_WAVES,Clear all waves,Отбить все волны,击退所有波次,全ウェーブを撃退,Alle Wellen abwehren
OBJ_COLLECT_SUN,Collect sun {n}/{max},Собрано солнца {n}/{max},收集阳光 {n}/{max},集めた太陽 {n}/{max},Sonne sammeln {n}/{max}
OBJ_DEFAULT,Clear every wave and protect the house.,Отбейте все волны и защитите дом.,击退所有波次并保护房子。,全ウェーブを撃退し、家を守ろう。,Wehre alle Wellen ab und schütze das Haus.
OBJ_GRAFTS,Grafts {n}/{max},Прививки {n}/{max},嫁接 {n}/{max},接ぎ木 {n}/{max},Veredelungen {n}/{max}
OBJ_LOSSES,Losses {n}/{max},Потери {n}/{max},损失 {n}/{max},損失 {n}/{max},Verluste {n}/{max}
OBJ_NO_PLANTING,This mission has no planting. Use the supplied defenses.,В этой миссии нельзя сажать. Используйте выданную оборону.,本任务不能种植。请使用现有的防御。,このミッションでは植え付けできない。用意された防御を使おう。,In dieser Mission wird nicht gepflanzt. Nutze die bereitgestellte Verteidigung.
OBJ_PLANT_ACTIONS,Plant actions {n}/{max},Посадки {n}/{max},种植次数 {n}/{max},植え付け {n}/{max},Pflanzaktionen {n}/{max}
OBJ_PLANT_LIMIT_REACHED,Planting limit reached ({n}/{max}). Grafts also use a planting action.,Лимит посадок исчерпан ({n}/{max}). Прививка тоже считается посадкой.,已达种植上限（{n}/{max}）。嫁接也算一次种植。,植え付け上限に達した（{n}/{max}）。接ぎ木も植え付け1回に数える。,Pflanzlimit erreicht ({n}/{max}). Auch Veredelungen zählen als Pflanzaktion.
OBJ_TILE_BLOCKED,This tile is blocked. Even weeds respect the permit office.,Эта клетка закрыта. Даже сорняки уважают разрешительный отдел.,这个格子被封锁了。连杂草都尊重审批办公室。,このマスは封鎖されている。雑草でさえ許可局には逆らわない。,Dieses Feld ist gesperrt. Selbst Unkraut respektiert das Bauamt.
OBJ_TIME,Time {n}s/{max}s,Время {n} с/{max} с,时间 {n}/{max} 秒,時間 {n}/{max} 秒,Zeit {n} s/{max} s
OBJ_WAVES_CLEARED,Waves cleared! Finish the objective: {s},Волны отбиты! Выполните цель: {s},波次已清除！请完成目标：{s},ウェーブ撃退！目標を達成しよう：{s},Wellen abgewehrt! Erfülle das Ziel: {s}
PLANT_AEGIS_PUMPKIN_DESC,Legendary golden shell. Regenerates when left alone and reflects bites back at zombies.,"Легендарный золотой панцирь. Восстанавливается, когда его не трогают, и отражает укусы обратно в зомби.",传说金色外壳。无人打扰时会再生，并把啃咬反弹给僵尸。,伝説の金色シェル。放っておくと再生し、かみつきをゾンビに跳ね返す。,Legendäre goldene Schale. Regeneriert sich in Ruhe und wirft Bisse auf die Zombies zurück.
PLANT_AEGIS_PUMPKIN_NAME,Aegis Pumpkin,Тыква-эгида,神盾南瓜,イージスパンプキン,Aegis-Kürbis
PLANT_BARK_WALL_DESC,A thick stump that zombies have to chew through. Cracks as it weakens.,"Толстый пень, который зомби приходится прогрызать. Трескается по мере повреждения.",一截粗壮的树桩，僵尸只能一口口啃穿。受损时会出现裂纹。,ゾンビがかじり進むしかない太い切り株。弱るとひびが入る。,"Ein dicker Stumpf, durch den sich Zombies durchkauen müssen. Bekommt Risse, wenn er schwächer wird."
PLANT_BARK_WALL_NAME,Bark Wall,Стена из коры,树皮墙,バークウォール,Borkenwall
PLANT_BEAN_PATRIARCH_DESC,Legendary elder bean. Speeds up every plant in its row and column by 35% and drops sun.,Легендарный старейшина бобов. Ускоряет все растения в своих ряду и столбце на 35% и роняет солнце.,传说长老豆。使同行同列的所有植物速度提升 35%，并会掉落阳光。,伝説の長老マメ。同じ行と列のすべての植物を35%加速させ、太陽を落とす。,Legendäre Urbohne. Beschleunigt jede Pflanze in ihrer Reihe und Spalte um 35 % und lässt Sonne fallen.
PLANT_BEAN_PATRIARCH_NAME,Bean Patriarch,Бобовый патриарх,豆族长老,ビーンパトリアーク,Bohnenpatriarch
PLANT_BEE_CANNON_DESC,Hybrid of Pod Shooter and Hive Pod. Launches a swarm of up to 4 bees that chase zombies down the lane.,"Гибрид Стручкострела и Улья. Выпускает рой до 4 пчёл, которые преследуют зомби по линии.",豆荚射手与蜂巢荚的杂交。发射最多 4 只蜜蜂组成的蜂群，沿着这一行追击僵尸。,ポッドシューターとハイブポッドのハイブリッド。最大4匹のハチの群れを放ち、列を進むゾンビを追いかける。,"Hybride aus Schotenschütze und Bienenschote. Schickt einen Schwarm von bis zu 4 Bienen los, die Zombies durch die Reihe jagen."
PLANT_BRAMBLE_VINE_DESC,A thorny tangle. Every bite costs the zombie some health.,Колючие заросли. Каждый укус стоит зомби части здоровья.,一团带刺的藤蔓。僵尸每咬一口都会损失一些生命。,トゲだらけのツル。かみつくたびにゾンビの体力を削る。,Ein dorniges Gestrüpp. Jeder Biss kostet den Zombie etwas Gesundheit.
PLANT_BRAMBLE_VINE_NAME,Bramble Vine,Ежевичная лоза,荆棘藤,イバラヅル,Brombeerranke
PLANT_CHILI_DRONE_DESC,"Hybrid flying drone. Fire cloves burn, make zombies gag and switch lanes.","Гибридный летающий дрон. Огненные зубчики жгут зомби, вызывают у них тошноту и заставляют сменить линию.",杂交飞行无人机。火焰蒜瓣会灼烧僵尸，让它们作呕并换行。,ハイブリッドの飛行ドローン。炎のかけらでゾンビを燃やし、むせさせて列を変えさせる。,"Hybride Flugdrohne. Feuerzehen brennen, lassen Zombies würgen und die Reihe wechseln."
PLANT_CHILI_DRONE_NAME,Chili Drone,Чили-дрон,辣椒无人机,チリドローン,Chilidrohne
PLANT_CHRONO_CLOVER_DESC,Legendary four-leaf clock. Every 14s it slows every zombie on the lawn and shaves 2s off all seed recharges.,Легендарные четырёхлистные часы. Каждые 14 с замедляют всех зомби на газоне и сокращают перезарядку всех семян на 2 с.,传说四叶时钟。每 14 秒减速草坪上的所有僵尸，并使所有种子充能时间缩短 2 秒。,伝説の四つ葉時計。14秒ごとに芝生のすべてのゾンビを遅くし、全タネのチャージを2秒短縮する。,Legendäre vierblättrige Uhr. Alle 14 s verlangsamt sie jeden Zombie auf dem Rasen und verkürzt alle Samen-Ladezeiten um 2 s.
PLANT_CHRONO_CLOVER_NAME,Chrono Clover,Хроноклевер,时光四叶草,クロノクローバー,Chronoklee
PLANT_CLOD_CATAPULT_DESC,Lobs dirt clods over shields and screens. Hits Cardboard Box zombies and splashes nearby zombies.,Бросает комья земли через щиты и заслоны. Попадает по зомби в коробке и задевает зомби рядом.,越过盾牌和屏障投掷土块。能命中纸箱僵尸，并溅射附近的僵尸。,盾や壁を越えて土くれを投げる。ダンボールゾンビに当たり、周りのゾンビにも飛び散る。,Wirft Erdklumpen über Schilde und Abschirmungen. Trifft Karton-Zombies und spritzt auf Zombies in der Nähe.
PLANT_CLOD_CATAPULT_NAME,Clod Catapult,Земляная катапульта,土块投石车,ツチクレカタパルト,Klumpenkatapult
PLANT_CLOUD_BLOOM_DESC,"A flower riding a little cloud. Makes sun from above, safe from ground zombies, and fits over any plant.","Цветок на маленьком облаке. Даёт солнце сверху, недоступен наземным зомби и помещается над любым растением.",乘着小云朵的花。在高处产出阳光，不怕地面僵尸，可以叠在任何植物上方。,小さな雲に乗った花。上空から太陽を作り、地上のゾンビに襲われず、どの植物の上にも置ける。,"Eine Blume auf einer kleinen Wolke. Erzeugt Sonne von oben, sicher vor Bodenzombies, und passt über jede Pflanze."
PLANT_CLOUD_BLOOM_NAME,Cloud Bloom,Облачный цветок,云朵花,クラウドブルーム,Wolkenblüte
PLANT_DANDELION_PUFF_DESC,"Cheap. Puffs seeds at every zombie close by, including neighbouring lanes.","Дёшево. Пускает семена во всех зомби поблизости, включая соседние линии.",便宜。向附近所有僵尸喷射种子，包括相邻行。,安い。隣の列も含め、近くのすべてのゾンビに綿毛を飛ばす。,"Günstig. Pustet Samen auf jeden Zombie in der Nähe, auch in benachbarten Reihen."
PLANT_DANDELION_PUFF_NAME,Dandelion Puff,Одуванчик,蒲公英,タンポポパフ,Pusteblume
PLANT_DAWN_BLOOM_DESC,Sunbud + Lantern Bloom. Makes 40 sun and gives neighbours a small boost. As fragile as a flower.,"Солнечник + Фонарик. Даёт 40 солнца и немного усиливает соседей. Хрупок, как цветок.",阳光花苞 + 灯笼花。产出 40 阳光，并略微增强相邻植物。和花一样脆弱。,サンバッド + ランタンブルーム。太陽を40作り、隣を少し強化する。花のようにもろい。,Sonnenknospe + Laternenblüte. Erzeugt 40 Sonne und verstärkt Nachbarn leicht. Zerbrechlich wie eine Blume.
PLANT_DAWN_BLOOM_NAME,Dawn Bloom,Рассветный цветок,黎明花,ドーンブルーム,Morgenblüte
PLANT_ELDER_OAK_DESC,"Legendary. An ancient wall with 9000 health. Thorny bark hurts biters, it regrows when left alone, and it is tall enough to stop Hurdlers.","Легендарный. Древняя стена с 9000 здоровья. Колючая кора ранит кусающих, дуб восстанавливается, когда его не трогают, и достаточно высок, чтобы остановить прыгунов.",传说。拥有 9000 生命的古老城墙。带刺树皮会伤害啃咬者，无人打扰时会再生，且高到足以挡住撑杆僵尸。,伝説。体力9000の古代の壁。トゲのある樹皮がかみつく敵を傷つけ、放っておくと再生し、ハードラーを止められるほど背が高い。,"Legendär. Eine uralte Mauer mit 9000 Gesundheit. Dornige Rinde verletzt Beißer, sie wächst in Ruhe nach und ist hoch genug, um Hürdenläufer aufzuhalten."
PLANT_ELDER_OAK_NAME,Elder Oak,Древний дуб,古橡树,エルダーオーク,Uralte Eiche
PLANT_EMBER_BERRY_DESC,"Explodes a moment after planting, burning everything in a 3×3 area.",Взрывается вскоре после посадки и сжигает всё в области 3×3.,种下后片刻爆炸，焚烧 3×3 范围内的一切。,植えてすぐに爆発し、3×3の範囲をすべて焼き尽くす。,Explodiert kurz nach dem Pflanzen und verbrennt alles in einem 3×3-Bereich.
PLANT_EMBER_BERRY_NAME,Ember Berry,Огнеягода,烬火莓,エンバーベリー,Glutbeere
PLANT_EMBER_POD_DESC,Hybrid of Pod Shooter and Ember Berry. Fires burning pods that keep scorching zombies for a few seconds.,"Гибрид Стручкострела и Огнеягоды. Стреляет горящими стручками, которые ещё несколько секунд обжигают зомби.",豆荚射手与烬火莓的杂交。发射燃烧豆荚，让僵尸持续灼烧几秒。,ポッドシューターとエンバーベリーのハイブリッド。燃えるポッドを撃ち、ゾンビを数秒間焼き続ける。,"Hybride aus Schotenschütze und Glutbeere. Feuert brennende Schoten, die Zombies einige Sekunden lang versengen."
PLANT_EMBER_SNAPPER_DESC,"Hybrid of Snapper Trap and Ember Berry. Swallows a zombie whole with a fiery bite, then chews for a while.","Гибрид Хваталки и Огнеягоды. Огненным укусом проглатывает зомби целиком, а потом какое-то время жуёт.",咬咬夹与烬火莓的杂交。用炽热的一口整个吞下僵尸，然后咀嚼一段时间。,スナッパートラップとエンバーベリーのハイブリッド。炎のひとかみでゾンビを丸のみし、しばらく噛み続ける。,Hybride aus Schnappfalle und Glutbeere. Verschluckt einen Zombie mit feurigem Biss und kaut dann eine Weile.
PLANT_EMBER_VINE_DESC,Hybrid of Bramble Vine and Ember Berry. Lashes nearby zombies with burning vines that splash and set them on fire.,"Гибрид Ежевичной лозы и Огнеягоды. Хлещет зомби рядом горящими лозами, задевая соседей и поджигая их.",荆棘藤与烬火莓的杂交。用燃烧的藤条鞭打附近僵尸，造成溅射并点燃它们。,イバラヅルとエンバーベリーのハイブリッド。燃えるツルで近くのゾンビを打ち、飛び散る炎で火をつける。,"Hybride aus Brombeerranke und Glutbeere. Peitscht nahe Zombies mit brennenden Ranken, die spritzen und sie in Brand setzen."
PLANT_FROST_BARRIER_DESC,Hybrid of Bark Wall and Frost Mint. A very tough icy wall that hurts every zombie biting it.,"Гибрид Стены из коры и Морозной мяты. Очень прочная ледяная стена, ранящая каждого кусающего зомби.",树皮墙与霜薄荷的杂交。极其坚固的冰墙，会伤害每个啃咬它的僵尸。,バークウォールとフロストミントのハイブリッド。とても頑丈な氷の壁で、かみつくゾンビすべてを傷つける。,"Hybride aus Borkenwall und Frostminze. Eine sehr zähe Eismauer, die jeden beißenden Zombie verletzt."
PLANT_FROST_BEDDING_DESC,Hybrid under-plant. Low icy shots slow boxed and ground zombies.,Гибридное нижнее растение. Низкие ледяные выстрелы замедляют наземных зомби и зомби в коробках.,杂交底层植物。低空冰弹会减速纸箱僵尸和地面僵尸。,ハイブリッドの下層植物。低い氷の弾でダンボールゾンビと地上ゾンビを遅くする。,Hybride Bodenpflanze. Flache Eisschüsse verlangsamen Karton- und Bodenzombies.
PLANT_FROST_BEDDING_NAME,Frost Bedding,Морозная грядка,冰霜苗床,フロストベッド,Frostbeet
PLANT_FROST_MINT_DESC,"Its icy pods slow zombies by half, both walking and biting.","Ледяные стручки вдвое замедляют зомби — и ходьбу, и укусы.",冰冷的豆荚让僵尸的行走和啃咬速度减半。,冷たいポッドでゾンビの歩きとかみつきを半分の速さにする。,"Ihre eisigen Schoten verlangsamen Zombies um die Hälfte, beim Gehen und Beißen."
PLANT_FROST_MINT_NAME,Frost Mint,Морозная мята,霜薄荷,フロストミント,Frostminze
PLANT_GALE_FERN_DESC,"Every few seconds, blows zombies in front of it back by almost a tile.",Каждые несколько секунд отбрасывает зомби перед собой почти на клетку.,每隔几秒把前方的僵尸吹退将近一格。,数秒ごとに、前にいるゾンビを1マス近く吹き戻す。,Bläst alle paar Sekunden Zombies vor sich fast ein Feld zurück.
PLANT_GALE_FERN_NAME,Gale Fern,Ветряной папоротник,疾风蕨,ゲイルファーン,Sturmfarn
PLANT_GALE_POD_DESC,Hybrid of Gale Fern and Pod Shooter. Its gusty pods push zombies back down the lane.,Гибрид Ветряного папоротника и Стручкострела. Порывистые стручки отталкивают зомби назад по линии.,疾风蕨与豆荚射手的杂交。带风的豆荚会把僵尸沿着这一行推回去。,ゲイルファーンとポッドシューターのハイブリッド。突風のポッドでゾンビを列の奥へ押し戻す。,Hybride aus Sturmfarn und Schotenschütze. Ihre böigen Schoten stoßen Zombies die Reihe zurück.
PLANT_GARLIC_DRONE_DESC,Flying garlic bulb. Its cloves hit any zombie and make it gag and switch lanes. Ground zombies can't reach it - only balloons and slingshots.,"Летающая головка чеснока. Зубчики попадают по любому зомби, вызывают тошноту и смену линии. Наземные зомби до него не достают — только шары и рогатки.",会飞的蒜头。蒜瓣能命中任何僵尸，让它作呕并换行。地面僵尸够不着它——只有气球和弹弓可以。,空飛ぶニンニク。かけらはどのゾンビにも当たり、むせさせて列を変えさせる。地上のゾンビは届かない――風船とパチンコだけが攻撃できる。,"Fliegende Knoblauchknolle. Ihre Zehen treffen jeden Zombie, lassen ihn würgen und die Reihe wechseln. Bodenzombies erreichen sie nicht – nur Ballons und Schleudern."
PLANT_GARLIC_DRONE_NAME,Garlic Drone,Чесночный дрон,大蒜无人机,ガーリックドローン,Knoblauchdrohne
PLANT_GLACIAL_HIVE_DESC,Hybrid of Hive Pod and Frost Mint. Releases up to 4 frosty bees that hit hard and fast.,"Гибрид Улья и Морозной мяты. Выпускает до 4 морозных пчёл, бьющих сильно и быстро.",蜂巢荚与霜薄荷的杂交。放出最多 4 只冰霜蜜蜂，攻击又狠又快。,ハイブポッドとフロストミントのハイブリッド。最大4匹の氷のハチを放ち、強く素早く刺す。,"Hybride aus Bienenschote und Frostminze. Lässt bis zu 4 frostige Bienen frei, die hart und schnell zustechen."
PLANT_GLACIER_SHOOTER_DESC,Pod Shooter + Frost Mint. Slows harder and the shot passes through one extra zombie. Fires a bit slower.,"Стручкострел + Морозная мята. Сильнее замедляет, а выстрел пробивает ещё одного зомби. Стреляет чуть медленнее.",豆荚射手 + 霜薄荷。减速更强，子弹还能多穿透一个僵尸。射速稍慢。,ポッドシューター + フロストミント。より強く遅くし、弾がゾンビをもう1体貫通する。発射は少し遅い。,"Schotenschütze + Frostminze. Verlangsamt stärker, und der Schuss durchdringt einen zusätzlichen Zombie. Feuert etwas langsamer."
PLANT_GLACIER_SHOOTER_NAME,Glacier Shooter,Ледниковый стрелок,冰川射手,グレイシャーシューター,Gletscherschütze
PLANT_HAIL_VOLLEY_DESC,Hybrid of Twin Pod and Frost Mint. Fires three icy pods per volley and slows zombies.,Гибрид Двойного стручкострела и Морозной мяты. Выпускает три ледяных стручка за залп и замедляет зомби.,双发豆荚与霜薄荷的杂交。每轮发射三颗冰豆荚，并减速僵尸。,ツインポッドとフロストミントのハイブリッド。1回に氷のポッドを3発撃ち、ゾンビを遅くする。,Hybride aus Doppelschote und Frostminze. Feuert drei Eisschoten pro Salve und verlangsamt Zombies.
PLANT_HEALING_LANTERN_DESC,Hybrid of Lantern Bloom and Sunbud. Strongly boosts neighbouring plants and slowly heals itself.,Гибрид Фонарика и Солнечника. Сильно усиливает соседние растения и медленно лечит себя.,灯笼花与阳光花苞的杂交。大幅增强相邻植物，并缓慢治疗自己。,ランタンブルームとサンバッドのハイブリッド。隣の植物を大きく強化し、自分をゆっくり回復する。,Hybride aus Laternenblüte und Sonnenknospe. Verstärkt Nachbarpflanzen stark und heilt sich langsam selbst.
PLANT_HIVE_POD_DESC,Releases up to three bees that chase the nearest zombie on any lane. Bees fly over shields.,"Выпускает до трёх пчёл, которые преследуют ближайшего зомби на любой линии. Пчёлы перелетают щиты.",放出最多三只蜜蜂，追击任意行中最近的僵尸。蜜蜂会飞过盾牌。,最大3匹のハチを放ち、どの列でも一番近いゾンビを追いかける。ハチは盾を飛び越える。,"Lässt bis zu drei Bienen frei, die den nächsten Zombie in jeder Reihe jagen. Bienen fliegen über Schilde."
PLANT_HIVE_POD_NAME,Hive Pod,Улей,蜂巢荚,ハイブポッド,Bienenschote
PLANT_ICE_MINE_DESC,"Hybrid of Thorn Mine and Frost Mint. Arms after a few seconds, then explodes in a freezing blast that slows survivors.","Гибрид Шипомины и Морозной мяты. Взводится за несколько секунд, затем взрывается ледяной волной, замедляя выживших.",荆棘地雷与霜薄荷的杂交。几秒后完成布置，随后以冰冻爆炸引爆，并减速幸存者。,トゲマインとフロストミントのハイブリッド。数秒で準備完了し、凍てつく爆発で生き残りを遅くする。,"Hybride aus Dornenmine und Frostminze. Macht sich nach einigen Sekunden scharf und explodiert dann eisig, was Überlebende verlangsamt."
PLANT_IRONBARK_WALL_DESC,"Hybrid of two Bark Walls. Twice as tough, and tall enough to stop Hurdlers.","Гибрид двух Стен из коры. Вдвое прочнее и достаточно высокая, чтобы остановить прыгунов.",两面树皮墙的杂交。坚固程度翻倍，且高到足以挡住撑杆僵尸。,バークウォール2つのハイブリッド。2倍頑丈で、ハードラーを止められるほど背が高い。,"Hybride aus zwei Borkenwällen. Doppelt so zäh und hoch genug, um Hürdenläufer aufzuhalten."
PLANT_IRONBARK_WALL_NAME,Ironbark Wall,Железная кора,铁皮树墙,アイアンバークウォール,Eisenborkenwall
PLANT_LANTERN_BLOOM_DESC,Its glow makes the 8 surrounding plants work 25% harder.,Его свет заставляет 8 окружающих растений работать на 25% усерднее.,它的光芒让周围 8 株植物工作效率提高 25%。,その光で周囲8マスの植物が25%よく働く。,Ihr Leuchten lässt die 8 umliegenden Pflanzen 25 % härter arbeiten.
PLANT_LANTERN_BLOOM_NAME,Lantern Bloom,Фонарик,灯笼花,ランタンブルーム,Laternenblüte
PLANT_LAVA_CATAPULT_DESC,Hybrid catapult lobbing molten clods: splash plus burning.,"Гибридная катапульта, бросающая расплавленные комья: урон по области плюс горение.",投掷熔岩土块的杂交投石车：溅射加燃烧。,溶岩の塊を投げるハイブリッドのカタパルト：範囲ダメージと炎上。,"Hybrides Katapult, das geschmolzene Klumpen wirft: Flächenschaden plus Brand."
PLANT_LAVA_CATAPULT_NAME,Lava Catapult,Лавовая катапульта,熔岩投石车,ラヴァカタパルト,Lavakatapult
PLANT_LILY_RAFT_DESC,"Floats on pool water. Any lawn plant can be planted on top of it. If that plant is eaten, the raft stays.","Плавает на воде бассейна. На неё можно посадить любое растение газона. Если растение съедят, плот останется.",漂浮在泳池水面上。任何草坪植物都能种在它上面。如果那株植物被吃掉，筏子仍会留下。,プールの水に浮かぶ。芝生の植物ならどれでも上に植えられる。上の植物が食べられても、いかだは残る。,"Schwimmt auf Poolwasser. Jede Rasenpflanze kann darauf gepflanzt werden. Wird diese Pflanze gefressen, bleibt das Floß."
PLANT_LILY_RAFT_NAME,Lily Raft,Кувшинка-плот,睡莲筏,スイレンいかだ,Seerosenfloß
PLANT_NEEDLE_STORM_DESC,Hybrid of Pepper Stinger and Lantern Bloom. Shoots lightning needles that jump between up to 3 extra zombies.,"Гибрид Перцежала и Фонарика. Стреляет молниеносными иглами, перескакивающими ещё на 3 зомби.",辣椒刺与灯笼花的杂交。发射闪电针，可在最多 3 个额外僵尸之间跳跃。,ペッパースティンガーとランタンブルームのハイブリッド。雷の針を撃ち、さらに最大3体のゾンビへ跳ねる。,"Hybride aus Pfefferstachel und Laternenblüte. Schießt Blitznadeln, die auf bis zu 3 weitere Zombies überspringen."
PLANT_NEEDLE_VOLLEY_DESC,Twin Pod + Pepper Stinger. Bursts of three piercing needles. Long reload.,Двойной стручкострел + Перцежал. Очереди из трёх пробивающих игл. Долгая перезарядка.,双发豆荚 + 辣椒刺。连发三根穿透尖针。装填时间长。,ツインポッド + ペッパースティンガー。貫通する針を3連射。リロードが長い。,Doppelschote + Pfefferstachel. Salven aus drei durchdringenden Nadeln. Lange Nachladezeit.
PLANT_NEEDLE_VOLLEY_NAME,Needle Volley,Игольный залп,连发针,ニードルボレー,Nadelsalve
PLANT_PEA_BEDDING_DESC,A carpet of tiny pods planted under another plant. Fires low shots that hit Cardboard Box zombies. Only eaten when nothing stands on it.,"Ковёр из крошечных стручков под другим растением. Стреляет низко и попадает по зомби в коробке. Съедается, только если на нём ничего нет.",种在其他植物下方的小豆荚地毯。低空射击，能命中纸箱僵尸。只有上面没有植物时才会被吃掉。,他の植物の下に植える小さなポッドのじゅうたん。低い弾を撃ち、ダンボールゾンビに当たる。上に何もないときだけ食べられる。,"Ein Teppich winziger Schoten unter einer anderen Pflanze. Schießt flach und trifft Karton-Zombies. Wird nur gefressen, wenn nichts darauf steht."
PLANT_PEA_BEDDING_NAME,Pea Bedding,Гороховая грядка,豌豆苗床,ピーベッド,Erbsenbeet
PLANT_PEPPER_HIVE_DESC,Hybrid of Hive Pod and Pepper Stinger. Releases up to 5 spicy bees with a painful sting.,Гибрид Улья и Перцежала. Выпускает до 5 острых пчёл с болезненным жалом.,蜂巢荚与辣椒刺的杂交。放出最多 5 只辣味蜜蜂，蜇得很痛。,ハイブポッドとペッパースティンガーのハイブリッド。痛い針を持つ激辛のハチを最大5匹放つ。,Hybride aus Bienenschote und Pfefferstachel. Lässt bis zu 5 scharfe Bienen mit schmerzhaftem Stich frei.
PLANT_PEPPER_STINGER_DESC,Fires a spike that pierces every zombie in the lane. Slow to reload.,"Выпускает шип, пробивающий всех зомби на линии. Долго перезаряжается.",发射一根能穿透整行所有僵尸的尖刺。装填较慢。,列のすべてのゾンビを貫くトゲを撃つ。リロードが遅い。,"Feuert einen Stachel, der jeden Zombie in der Reihe durchbohrt. Lädt langsam nach."
PLANT_PEPPER_STINGER_NAME,Pepper Stinger,Перцежал,辣椒刺,ペッパースティンガー,Pfefferstachel
PLANT_PEPPER_WALL_DESC,Hybrid of Bark Wall and Pepper Stinger. A tough wall covered in hot spines that badly hurt biting zombies.,"Гибрид Стены из коры и Перцежала. Прочная стена в жгучих шипах, сильно ранящих кусающих зомби.",树皮墙与辣椒刺的杂交。布满火辣尖刺的坚固墙壁，会重创啃咬它的僵尸。,バークウォールとペッパースティンガーのハイブリッド。激辛のトゲに覆われた頑丈な壁で、かみつくゾンビに大ダメージ。,"Hybride aus Borkenwall und Pfefferstachel. Eine zähe Mauer voller scharfer Stacheln, die beißende Zombies schwer verletzen."
PLANT_PHOENIX_LILY_DESC,Legendary. Fires blazing seeds that pass through two zombies and set them alight. Rises from its ashes once when destroyed.,"Легендарное. Стреляет пылающими семенами, которые пробивают двух зомби и поджигают их. Один раз возрождается из пепла.",传说。发射烈焰种子，穿透两个僵尸并将其点燃。被摧毁时会浴火重生一次。,伝説。燃えさかるタネを撃ち、ゾンビ2体を貫通して火をつける。倒されても一度だけ灰からよみがえる。,"Legendär. Feuert lodernde Samen, die zwei Zombies durchdringen und in Brand setzen. Erhebt sich einmal aus der Asche, wenn sie zerstört wird."
PLANT_PHOENIX_LILY_NAME,Phoenix Lily,Лилия-феникс,凤凰百合,フェニックスリリー,Phönixlilie
PLANT_POD_SHOOTER_DESC,Shoots pods at zombies in its lane.,Стреляет стручками по зомби на своей линии.,向本行的僵尸发射豆荚。,同じ列のゾンビにポッドを撃つ。,Schießt Schoten auf Zombies in ihrer Reihe.
PLANT_POD_SHOOTER_NAME,Pod Shooter,Стручкострел,豆荚射手,ポッドシューター,Schotenschütze
PLANT_PUMPKIN_SHELL_DESC,Worn over another plant. Zombies must chew through the shell first. Plant it on empty ground or over any plant.,Надевается на другое растение. Зомби сначала прогрызают панцирь. Сажается на пустую землю или поверх любого растения.,套在其他植物外面。僵尸必须先啃穿外壳。可种在空地上或任何植物上。,他の植物にかぶせる。ゾンビはまずシェルをかじらないといけない。空きマスにもどの植物の上にも植えられる。,Wird über einer anderen Pflanze getragen. Zombies müssen zuerst die Schale durchkauen. Auf leerem Boden oder über jede Pflanze pflanzbar.
PLANT_PUMPKIN_SHELL_NAME,Pumpkin Shell,Тыквенный панцирь,南瓜壳,パンプキンシェル,Kürbisschale
PLANT_RIME_LETTUCE_DESC,"Costs no sun. The first zombie to step on it freezes solid for 10 seconds (Brutes for 5), then stays chilled for a while. Single use.","Не стоит солнца. Первый наступивший зомби замерзает на 10 секунд (громилы — на 5), а затем ещё какое-то время остаётся охлаждённым. Одноразовый.",不消耗阳光。第一个踩上它的僵尸会被冻住 10 秒（巨汉僵尸 5 秒），之后还会持续寒冷一段时间。一次性。,太陽コストなし。最初に踏んだゾンビを10秒間（ブルートは5秒）凍らせ、その後もしばらく冷やす。使い切り。,"Kostet keine Sonne. Der erste Zombie, der darauf tritt, friert 10 Sekunden lang ein (Rohlinge 5), danach bleibt er eine Weile unterkühlt. Einmalig."
PLANT_RIME_LETTUCE_NAME,Rime Lettuce,Ледяной салат,霜冻生菜,霧氷レタス,Raureif-Salat
PLANT_SKY_DRAGON_DESC,"Legendary flying dragon fruit. Breathes fire 4 tiles down its lane, burning everything - balloons included.","Легендарный летающий драконий фрукт. Выдыхает огонь на 4 клетки вперёд по линии, сжигая всё — даже шары.",传说飞行火龙果。沿本行向前喷火 4 格，烧毁一切——包括气球。,伝説の空飛ぶドラゴンフルーツ。列の前方4マスに炎を吐き、風船も含めてすべてを焼く。,Legendäre fliegende Drachenfrucht. Speit Feuer 4 Felder weit die Reihe hinunter und verbrennt alles – auch Ballons.
PLANT_SKY_DRAGON_NAME,Sky Dragon Fruit,Небесный дракон,天龙果,スカイドラゴンフルーツ,Himmelsdrachenfrucht
PLANT_SNAPPER_TRAP_DESC,"Swallows the zombie in front whole, then chews for 40 seconds. Brutes are too big: it only bites them.",Проглатывает зомби перед собой целиком и жуёт 40 секунд. Громилы слишком большие: их она только кусает.,把前方的僵尸整个吞下，然后咀嚼 40 秒。巨汉僵尸太大了：只能咬它们。,目の前のゾンビを丸のみし、40秒間噛み続ける。ブルートは大きすぎて、かみつくだけ。,Verschluckt den Zombie vor sich am Stück und kaut dann 40 Sekunden. Rohlinge sind zu groß: Die beißt sie nur.
PLANT_SNAPPER_TRAP_NAME,Snapper Trap,Хваталка,咬咬夹,スナッパートラップ,Schnappfalle
PLANT_SOLAR_BARRICADE_DESC,Hybrid of Bark Wall and Sunbud. A sturdy wall that also produces sun.,"Гибрид Стены из коры и Солнечника. Крепкая стена, которая ещё и производит солнце.",树皮墙与阳光花苞的杂交。坚固的墙壁，还能产出阳光。,バークウォールとサンバッドのハイブリッド。太陽も作る頑丈な壁。,"Hybride aus Borkenwall und Sonnenknospe. Eine robuste Mauer, die auch Sonne erzeugt."
PLANT_SOLAR_TURRET_DESC,Hybrid of Sunbud and Pod Shooter. Shoots pods and produces sun at the same time.,Гибрид Солнечника и Стручкострела. Стреляет стручками и одновременно производит солнце.,阳光花苞与豆荚射手的杂交。一边发射豆荚，一边产出阳光。,サンバッドとポッドシューターのハイブリッド。ポッドを撃ちながら太陽も作る。,Hybride aus Sonnenknospe und Schotenschütze. Schießt Schoten und erzeugt gleichzeitig Sonne.
PLANT_SPINE_CACTUS_DESC,Shoots piercing spines that also pop balloons and hit high-flying zombies.,"Стреляет пробивающими колючками, которые лопают шары и попадают по высоко летящим зомби.",发射穿透尖刺，还能扎破气球、命中高空飞行的僵尸。,貫通するトゲを撃ち、風船を割り、高く飛ぶゾンビにも当たる。,"Schießt durchdringende Stacheln, die auch Ballons platzen lassen und hoch fliegende Zombies treffen."
PLANT_SPINE_CACTUS_NAME,Spine Cactus,Колючий кактус,尖刺仙人掌,トゲサボテン,Stachelkaktus
PLANT_STARFALL_MELON_DESC,"Legendary catapult that lobs a starry melon. Huge splash, slows survivors and crushes boxes.","Легендарная катапульта, бросающая звёздную дыню. Огромная область поражения, замедляет выживших и сминает коробки.",投掷星光西瓜的传说投石车。巨大溅射，减速幸存者，并能压碎纸箱。,星のメロンを投げる伝説のカタパルト。広い範囲ダメージで、生き残りを遅くし、ダンボールをつぶす。,"Legendäres Katapult, das eine Sternenmelone wirft. Riesiger Flächenschaden, verlangsamt Überlebende und zerquetscht Kartons."
PLANT_STARFALL_MELON_NAME,Starfall Melon,Звездопадная дыня,星落西瓜,スターフォールメロン,Sternfall-Melone
PLANT_STORM_POD_DESC,Hybrid of Pod Shooter and Lantern Bloom. Fires charged pods whose sparks jump to 2 more zombies.,"Гибрид Стручкострела и Фонарика. Стреляет заряженными стручками, чьи искры перескакивают ещё на 2 зомби.",豆荚射手与灯笼花的杂交。发射带电豆荚，电火花会跳到另外 2 个僵尸身上。,ポッドシューターとランタンブルームのハイブリッド。帯電したポッドを撃ち、火花がさらに2体のゾンビへ跳ねる。,"Hybride aus Schotenschütze und Laternenblüte. Feuert geladene Schoten, deren Funken auf 2 weitere Zombies überspringen."
PLANT_STORM_THISTLE_DESC,Legendary. Calls lightning on the first zombie in its lane; the bolt arcs to four more nearby zombies in any lane and stuns them briefly. Ignores shields.,Легендарное. Вызывает молнию на первого зомби своей линии; разряд перескакивает ещё на четырёх зомби рядом на любых линиях и ненадолго оглушает их. Игнорирует щиты.,传说。向本行第一个僵尸召唤闪电；闪电会跳到任意行附近的另外四个僵尸并短暂眩晕它们。无视盾牌。,伝説。列の先頭のゾンビに雷を落とす。雷はどの列でも近くのゾンビ4体へ跳ね、短時間スタンさせる。盾を無視する。,"Legendär. Ruft einen Blitz auf den ersten Zombie in ihrer Reihe; er springt auf vier weitere Zombies in der Nähe über, in jeder Reihe, und betäubt sie kurz. Ignoriert Schilde."
PLANT_STORM_THISTLE_NAME,Storm Thistle,Грозовой чертополох,风暴蓟,ストームシスル,Sturmdistel
PLANT_SUNBUD_DESC,Makes 25 sun every 24 seconds. Plant several early.,Даёт 25 солнца каждые 24 секунды. Посадите несколько пораньше.,每 24 秒产出 25 阳光。尽早多种几株。,24秒ごとに太陽を25作る。序盤にいくつか植えよう。,Erzeugt alle 24 Sekunden 25 Sonne. Pflanze früh mehrere.
PLANT_SUNBUD_NAME,Sunbud,Солнечник,阳光花苞,サンバッド,Sonnenknospe
PLANT_SUN_MINE_DESC,"Hybrid of Thorn Mine and Sunbud. Arms quickly, explodes on contact and leaves a big pile of sun behind.","Гибрид Шипомины и Солнечника. Быстро взводится, взрывается при контакте и оставляет большую кучу солнца.",荆棘地雷与阳光花苞的杂交。布置迅速，接触即爆，并留下一大堆阳光。,トゲマインとサンバッドのハイブリッド。すぐ準備でき、触れると爆発して太陽の山を残す。,"Hybride aus Dornenmine und Sonnenknospe. Schnell scharf, explodiert bei Berührung und hinterlässt einen großen Haufen Sonne."
PLANT_SUN_SOVEREIGN_DESC,Legendary. Makes 50 sun every 20 seconds and its corona makes the 8 surrounding plants work 20% harder.,"Легендарный. Даёт 50 солнца каждые 20 секунд, а его корона заставляет 8 окружающих растений работать на 20% усерднее.",传说。每 20 秒产出 50 阳光，日冕让周围 8 株植物工作效率提高 20%。,伝説。20秒ごとに太陽を50作り、そのコロナで周囲8マスの植物が20%よく働く。,"Legendär. Erzeugt alle 20 Sekunden 50 Sonne, und ihre Korona lässt die 8 umliegenden Pflanzen 20 % härter arbeiten."
PLANT_SUN_SOVEREIGN_NAME,Sun Sovereign,Солнечный монарх,太阳君主,サンソブリン,Sonnenmonarchin
PLANT_THORNWALL_DESC,"Bark Wall + Bramble Vine. Hurts every biter, but isn't tall: Hurdlers still jump it.","Стена из коры + Ежевичная лоза. Ранит каждого кусающего, но невысокая: прыгуны её перепрыгивают.",树皮墙 + 荆棘藤。伤害每个啃咬者，但不够高：撑杆僵尸仍能跳过。,バークウォール + イバラヅル。かみつく敵すべてを傷つけるが、背は高くない：ハードラーには跳び越えられる。,"Borkenwall + Brombeerranke. Verletzt jeden Beißer, ist aber nicht hoch: Hürdenläufer springen trotzdem darüber."
PLANT_THORNWALL_NAME,Thornwall,Терновая стена,荆棘墙,トゲウォール,Dornenwall
PLANT_THORN_CARPET_DESC,"Spiky mat planted under other plants. Pierces every ground zombie walking over it, even boxed ones. Can't be eaten.","Шипастый коврик под другими растениями. Колет каждого наземного зомби, идущего по нему, даже в коробке. Его нельзя съесть.",种在其他植物下方的尖刺垫。刺伤每个走过的地面僵尸，纸箱里的也不例外。不会被吃掉。,他の植物の下に植えるトゲのマット。上を歩く地上ゾンビすべてを刺す。ダンボール入りも例外ではない。食べられない。,"Stachelmatte unter anderen Pflanzen. Durchbohrt jeden Bodenzombie, der darüber läuft, auch in Kartons. Kann nicht gefressen werden."
PLANT_THORN_CARPET_NAME,Thorn Carpet,Шипастый ковёр,荆棘地毯,トゲカーペット,Dornenteppich
PLANT_THORN_LANTERN_DESC,"Hybrid of Lantern Bloom and Bark Wall. A thorny, sturdy lantern that boosts its neighbours.","Гибрид Фонарика и Стены из коры. Колючий прочный фонарь, усиливающий соседей.",灯笼花与树皮墙的杂交。带刺又结实的灯笼，能增强相邻植物。,ランタンブルームとバークウォールのハイブリッド。トゲだらけの頑丈なランタンで、隣を強化する。,"Hybride aus Laternenblüte und Borkenwall. Eine dornige, robuste Laterne, die ihre Nachbarn verstärkt."
PLANT_THORN_MINE_DESC,"Cheap. Needs 14 seconds to arm, then bursts under the first zombie that steps on it. Also hits burrowers.","Дёшево. Взводится 14 секунд, затем взрывается под первым наступившим зомби. Достаёт и подкопщиков.",便宜。需要 14 秒布置，之后在第一个踩上它的僵尸脚下炸开。也能命中掘地僵尸。,安い。準備に14秒かかり、最初に踏んだゾンビの足元で炸裂する。モグラゾンビにも当たる。,"Günstig. Braucht 14 Sekunden zum Scharfmachen und platzt dann unter dem ersten Zombie, der darauf tritt. Trifft auch Gräber."
PLANT_THORN_MINE_NAME,Thorn Mine,Шипомина,荆棘地雷,トゲマイン,Dornenmine
PLANT_THORN_PUMPKIN_DESC,Hybrid shell bristling with thorns: every bite hurts the biter.,"Гибридный панцирь, ощетинившийся шипами: каждый укус ранит кусающего.",布满尖刺的杂交外壳：每一口都会伤到啃咬者。,トゲだらけのハイブリッドシェル：かみつくたびに相手が傷つく。,Hybride Schale voller Dornen: Jeder Biss verletzt den Beißer.
PLANT_THORN_PUMPKIN_NAME,Thorn Pumpkin,Колючая тыква,荆棘南瓜,トゲパンプキン,Dornenkürbis
PLANT_THUNDER_ROOT_DESC,"Legendary root planted under another plant. Bolts race along the lane, striking and stunning up to 6 ground zombies.","Легендарный корень под другим растением. Разряды бегут по линии, поражая и оглушая до 6 наземных зомби.",种在其他植物下方的传说之根。闪电沿行疾驰，打击并眩晕最多 6 个地面僵尸。,他の植物の下に植える伝説の根。雷が列を駆け抜け、最大6体の地上ゾンビを打ってスタンさせる。,Legendäre Wurzel unter einer anderen Pflanze. Blitze rasen die Reihe entlang und treffen und betäuben bis zu 6 Bodenzombies.
PLANT_THUNDER_ROOT_NAME,Thunder Root,Громовой корень,雷霆根,サンダールート,Donnerwurzel
PLANT_TURBO_BEAN_DESC,Flying bean with a jet sprout. Plants in the 3x3 area around it attack and produce 50% faster.,Летающий боб с реактивным ростком. Растения в области 3x3 вокруг атакуют и производят на 50% быстрее.,长着喷气芽的飞行豆。周围 3×3 范围内的植物攻击和生产速度提高 50%。,ジェットの芽を持つ空飛ぶマメ。周囲3×3の植物の攻撃と生産が50%速くなる。,Fliegende Bohne mit Düsenspross. Pflanzen im 3×3-Bereich um sie herum greifen an und produzieren 50 % schneller.
PLANT_TURBO_BEAN_NAME,Turbo Bean,Турбобоб,涡轮豆,ターボビーン,Turbobohne
PLANT_TWIN_POD_DESC,Hybrid of two Pod Shooters. Fires two pods per volley.,Гибрид двух Стручкострелов. Выпускает два стручка за залп.,两株豆荚射手的杂交。每轮发射两颗豆荚。,ポッドシューター2つのハイブリッド。1回にポッドを2発撃つ。,Hybride aus zwei Schotenschützen. Feuert zwei Schoten pro Salve.
PLANT_TWIN_POD_NAME,Twin Pod,Двойной стручкострел,双发豆荚,ツインポッド,Doppelschote
PLANT_TWIN_SUNBUD_DESC,"Hybrid of two Sunbuds. Two flowers, twice the sun.",Гибрид двух Солнечников. Два цветка — вдвое больше солнца.,两株阳光花苞的杂交。两朵花，双倍阳光。,サンバッド2つのハイブリッド。花が2つで、太陽も2倍。,"Hybride aus zwei Sonnenknospen. Zwei Blüten, doppelte Sonne."
PLANT_TWIN_SUNBUD_NAME,Twin Sunbud,Двойной солнечник,双子阳光花苞,ツインサンバッド,Doppelte Sonnenknospe
PLANT_VOLCANO_MINE_DESC,"Thorn Mine + Ember Berry. Arms slowly, then erupts in a 3×3 area and leaves burning ground.","Шипомина + Огнеягода. Медленно взводится, затем извергается в области 3×3 и оставляет горящую землю.",荆棘地雷 + 烬火莓。布置较慢，随后在 3×3 范围内喷发，并留下燃烧的地面。,トゲマイン + エンバーベリー。準備は遅いが、3×3の範囲で噴火し、燃える地面を残す。,"Dornenmine + Glutbeere. Langsam scharf, bricht dann in einem 3×3-Bereich aus und hinterlässt brennenden Boden."
PLANT_VOLCANO_MINE_NAME,Volcano Mine,Вулканическая мина,火山地雷,ボルケーノマイン,Vulkanmine
PLANT_VORTEX_TRAP_DESC,Snapper Trap + Gale Fern. Each bite drags zombies from neighbouring lanes into its own.,Хваталка + Ветряной папоротник. Каждый укус затягивает зомби с соседних линий на её линию.,咬咬夹 + 疾风蕨。每一口都会把相邻行的僵尸拖进自己这一行。,スナッパートラップ + ゲイルファーン。かみつくたびに隣の列のゾンビを自分の列へ引き込む。,Schnappfalle + Sturmfarn. Jeder Biss zieht Zombies aus benachbarten Reihen in die eigene.
PLANT_VORTEX_TRAP_NAME,Vortex Trap,Вихревая ловушка,漩涡夹,ボルテックストラップ,Wirbelfalle
QUEST_BUCKET_LIST_DESC,Defeat {n} Bucket Heads.,Победите ведроголовых: {n}.,击败 {n} 个铁桶僵尸。,バケツヘッドを {n} 体倒す。,Besiege {n} Eimerköpfe.
QUEST_BUCKET_LIST_TITLE,Bucket List,Список вёдер,铁桶清单,バケツリスト,Eimerliste
QUEST_CLAIM,Claim,Забрать,领取,受け取る,Abholen
QUEST_CLAIMED,Claimed,Получено,已领取,受け取り済み,Abgeholt
QUEST_CLEAN_LAWN_DESC,Win {n} levels without using a mower.,Выиграйте уровней без газонокосилок: {n}.,不使用割草机赢得 {n} 关。,芝刈り機を使わずに {n} ステージ勝利する。,Gewinne {n} Level ohne Rasenmäher.
QUEST_CLEAN_LAWN_TITLE,Not a Scratch,Ни царапины,毫发无伤,無傷の芝生,Kein Kratzer
QUEST_CONE_CRACKER_DESC,Defeat {n} Cone Heads.,Победите конусоголовых: {n}.,击败 {n} 个路障僵尸。,コーンヘッドを {n} 体倒す。,Besiege {n} Pylonenköpfe.
QUEST_CONE_CRACKER_TITLE,Cone Cracker,Колун конусов,路障粉碎者,コーンクラッシャー,Pylonenknacker
QUEST_FIRST_GRAFT_DESC,Graft {n} hybrid.,Привейте гибридов: {n}.,嫁接 {n} 株杂交植物。,ハイブリッドを {n} 体接ぎ木する。,Veredle Hybriden: {n}.
QUEST_FIRST_GRAFT_TITLE,Green Thumb,Зелёные руки,园艺好手,緑の親指,Grüner Daumen
QUEST_FIRST_STEPS_DESC,Win {n} level.,Выиграйте уровней: {n}.,赢得 {n} 关。,{n} ステージ勝利する。,Gewinne Level: {n}.
QUEST_FIRST_STEPS_TITLE,First Steps,Первые шаги,第一步,はじめの一歩,Erste Schritte
QUEST_GARDENER_DESC,Plant {n} plants.,Посадите растений: {n}.,种下 {n} 株植物。,植物を {n} 体植える。,Pflanze {n} Pflanzen.
QUEST_GARDENER_TITLE,Gardener,Садовник,园丁,庭師,Gärtner
QUEST_GIANT_SLAYER_DESC,Defeat {n} Brutes.,Победите громил: {n}.,击败 {n} 个巨汉僵尸。,ブルートを {n} 体倒す。,Besiege {n} Rohlinge.
QUEST_GIANT_SLAYER_TITLE,Giant Slayer,Победитель великанов,巨人杀手,巨人殺し,Riesentöter
QUEST_HARD_SOIL_DESC,Win {n} level on Hard or Hard+.,Выиграйте уровней на «Сложно» или «Сложно+»: {n}.,在困难或困难+难度下赢得 {n} 关。,ハードかハード+で {n} ステージ勝利する。,Gewinne Level auf Schwer oder Schwer+: {n}.
QUEST_HARD_SOIL_TITLE,Hard Soil,Твёрдая почва,硬土,固い土,Harter Boden
QUEST_RECIPE_BOOK_DESC,Discover {n} different grafts.,Откройте разных прививок: {n}.,发现 {n} 种不同的嫁接。,異なる接ぎ木を {n} 種発見する。,Entdecke {n} verschiedene Veredelungen.
QUEST_RECIPE_BOOK_TITLE,Recipe Book,Книга рецептов,配方书,レシピ帳,Rezeptbuch
QUEST_REWARD,{n} coins,{n} монет,{n} 金币,{n} コイン,{n} Münzen
QUEST_REWARD_HINT,recipe hint,подсказка рецепта,配方提示,レシピのヒント,Rezepthinweis
QUEST_SHAMBLER_HUNTER_DESC,Defeat {n} Shamblers.,Победите шатунов: {n}.,击败 {n} 个蹒跚僵尸。,シャンブラーを {n} 体倒す。,Besiege {n} Schlurfer.
QUEST_SHAMBLER_HUNTER_TITLE,Shambler Hunter,Охотник на шатунов,蹒跚猎手,シャンブラーハンター,Schlurferjäger
QUEST_SUN_HOARDER_DESC,Collect {n} sun in total.,Соберите всего солнца: {n}.,累计收集 {n} 阳光。,太陽を合計 {n} 集める。,Sammle insgesamt {n} Sonne.
QUEST_SUN_HOARDER_TITLE,Sun Hoarder,Солнечный скопидом,阳光囤积者,太陽コレクター,Sonnenhamster
QUEST_TWINS_DESC,Graft two plants of the same kind together {n} times.,Привейте друг к другу два одинаковых растения {n} раз.,将两株同种植物嫁接 {n} 次。,同じ種類の植物2つを {n} 回接ぎ木する。,Veredle {n}-mal zwei Pflanzen derselben Art miteinander.
QUEST_TWINS_TITLE,Double Up,Дважды два,成双成对,ダブルアップ,Doppelt hält besser
RARITY_LEGENDARY,Legendary,Легендарное,传说,伝説,Legendär
RESULT_CAMPAIGN_DONE,You have cleared the whole campaign! Try Endless Zone and the Daily Challenge.,Вы прошли всю кампанию! Попробуйте Бесконечную зону и Ежедневное испытание.,你已通关整个战役！去试试无尽模式和每日挑战吧。,キャンペーンを全クリアした！エンドレスゾーンとデイリーチャレンジに挑戦しよう。,Du hast die ganze Kampagne geschafft! Probier die Endloszone und die Tägliche Herausforderung.
RESULT_COINS,+{n} coins,+{n} монет,+{n} 金币,+{n} コイン,+{n} Münzen
RESULT_LOSE,They got in…,Они прорвались…,它们闯进来了……,侵入された……,Sie sind reingekommen…
RESULT_LOSE_DESC,A zombie reached the house. Rethink the weak lane and try again.,Зомби дошёл до дома. Пересмотрите слабую линию и попробуйте снова.,一只僵尸到达了房子。重新考虑薄弱的那一行，再试一次。,ゾンビが家にたどり着いた。弱い列を見直して、もう一度挑戦しよう。,Ein Zombie hat das Haus erreicht. Überdenke die schwache Reihe und versuch es noch einmal.
RESULT_NEW_PLANT,New plant: {name},Новое растение: {name},新植物：{name},新しい植物：{name},Neue Pflanze: {name}
RESULT_STAR,★ Star earned,★ Звезда получена,★ 获得星星,★ スター獲得,★ Stern verdient
RESULT_WIN,Lawn defended!,Газон защищён!,草坪守住了！,芝生を守りきった！,Rasen verteidigt!
ROLE_AOE,area,по области,范围,範囲,Fläche
ROLE_BLOCKER,blocker,блокировщик,阻挡,ブロッカー,Blocker
ROLE_CHAIN,chain lightning,цепная молния,连锁闪电,連鎖雷,Kettenblitz
ROLE_CONTROL,control,контроль,控制,妨害,Kontrolle
ROLE_FREEZE,freezer,заморозка,冰冻,凍結,Einfrierer
ROLE_INSTANT,instant,мгновенное,即时,即効,sofort
ROLE_MINE,mine,мина,地雷,地雷,Mine
ROLE_PIERCE,pierce,пробивание,穿透,貫通,durchdringend
ROLE_PLATFORM,water platform,водная платформа,水上平台,水上の足場,Wasserplattform
ROLE_PRODUCER,producer,производитель,生产,生産,Produzent
ROLE_SHOOTER,shooter,стрелок,射手,シューター,Schütze
ROLE_SLOWER,slower,замедление,减速,減速,Verlangsamer
ROLE_SUMMONER,summoner,призыватель,召唤,召喚,Beschwörer
ROLE_SUPPORT,support,поддержка,辅助,サポート,Unterstützung
ROLE_TRAP,trap,ловушка,陷阱,トラップ,Falle
ROLE_WALL,wall,стена,墙,壁,Mauer
SEEDS_FIXED,This level gives you a fixed set of seeds.,На этом уровне набор семян задан заранее.,本关提供固定的种子。,このステージではタネが固定されています。,In diesem Level bekommst du feste Samen.
SEEDS_HOVER_HINT,Point at a seed to read about it.,"Наведите на семя, чтобы прочитать о нём.",指向种子即可查看说明。,タネにカーソルを合わせると説明が読めます。,"Zeige auf einen Samen, um mehr zu erfahren."
SEEDS_HYBRIDS_ALLOWED,Grafting allowed: up to {n} hybrids. Both ingredients must be in your set.,Прививки разрешены: до {n} гибридов. Оба ингредиента должны быть в наборе.,允许嫁接：最多 {n} 株杂交植物。两种原料都必须在你的种子组中。,接ぎ木可：ハイブリッドは最大 {n} 体。材料は両方ともデッキに必要です。,Veredeln erlaubt: bis zu {n} Hybriden. Beide Zutaten müssen in deiner Auswahl sein.
SEEDS_HYBRIDS_BANNED,No grafting on this level.,На этом уровне прививки запрещены.,本关不能嫁接。,このステージでは接ぎ木できません。,In diesem Level kein Veredeln.
SEEDS_SLOTS,Slots {n}/{max},Ячейки {n}/{max},槽位 {n}/{max},枠 {n}/{max},Plätze {n}/{max}
SEEDS_START,Let's grow!,Сажаем!,开始种植！,育てよう！,Los geht's!
SEEDS_TITLE,Pick your seeds,Выберите семена,选择种子,タネを選ぼう,Wähle deine Samen
SEEDS_WAVES,{n} waves,Волн: {n},{n} 波,{n} ウェーブ,{n} Wellen
SEEDS_ZOMBIES,Expect:,Ожидаются:,预计出现：,出現予定：,Erwarte:
SETTINGS_ALWAYS,Always,Всегда,始终,常に,Immer
SETTINGS_AUTO_SUN,Collect sun automatically,Собирать солнце автоматически,自动收集阳光,太陽を自動で集める,Sonne automatisch sammeln
SETTINGS_CB_HINTS,Colour-blind hints,Подсказки для дальтоников,色盲提示,色覚サポート,Hinweise für Farbenblinde
SETTINGS_CB_HINTS_HINT,Adds symbols to effects that are otherwise shown only by colour.,"Добавляет значки к эффектам, которые иначе видны только по цвету.",为仅靠颜色区分的效果添加符号。,色だけで表示される効果に記号を追加します。,"Fügt Effekten, die sonst nur farblich erkennbar sind, Symbole hinzu."
SETTINGS_DAMAGED,When damaged,При повреждении,受伤时,ダメージ時,Bei Schaden
SETTINGS_DEFAULTS,Restore defaults,Сбросить настройки,恢复默认,初期設定に戻す,Standard wiederherstellen
SETTINGS_DEFAULT_SPEED,Default battle speed,Скорость боя по умолчанию,默认战斗速度,バトルの標準速度,Standard-Kampftempo
SETTINGS_DIFFICULTY,Default difficulty,Сложность по умолчанию,默认难度,標準の難易度,Standard-Schwierigkeit
SETTINGS_DIFFICULTY_HINT,Harder difficulties add zombies and pay more coins.,На высокой сложности больше зомби и больше монет.,更高难度会增加僵尸，也会给更多金币。,難易度が高いほどゾンビが増え、コインも多くもらえます。,Höhere Schwierigkeiten bringen mehr Zombies und mehr Münzen.
SETTINGS_DRAG,Drag to plant,Посадка перетаскиванием,拖动种植,ドラッグで植える,Ziehen zum Pflanzen
SETTINGS_DRAG_HINT,Drag seed packets onto the lawn instead of tap-tap.,Перетаскивайте пакеты семян на газон вместо двух нажатий.,把种子包拖到草坪上，而不是点两下。,2回タップの代わりに、タネ袋を芝生へドラッグします。,Samentüten auf den Rasen ziehen statt zweimal tippen.
SETTINGS_FPS,Frame limit,Ограничение кадров,帧率上限,フレームレート上限,Bildratenlimit
SETTINGS_FPS_HINT,Lower limits save battery on phones.,Низкий предел экономит заряд телефона.,较低的上限可以节省手机电量。,上限を下げるとスマホのバッテリーを節約できます。,Niedrigere Limits sparen Akku auf Handys.
SETTINGS_FULLSCREEN,Fullscreen,Полноэкранный режим,全屏,フルスクリーン,Vollbild
SETTINGS_HAPTICS,Vibration,Вибрация,振动,振動,Vibration
SETTINGS_HC_HP,High-contrast health bars,Контрастные полоски здоровья,高对比度血条,高コントラストの体力バー,Kontrastreiche Lebensbalken
SETTINGS_HEALTH_BARS,Health bars,Полоски здоровья,血条,体力バー,Lebensbalken
SETTINGS_HIGH,High,Высоко,高,高,Hoch
SETTINGS_HINTS,Show hints,Показывать подсказки,显示提示,ヒントを表示,Hinweise anzeigen
SETTINGS_KEYS,"Keys: 1-9, 0 seeds · Q/S shovel · G/W glove · P/Esc pause · right click cancels","Клавиши: 1-9, 0 семена · Q/S лопата · G/W перчатка · P/Esc пауза · правый клик отменяет",按键：1-9、0 种子 · Q/S 铲子 · G/W 手套 · P/Esc 暂停 · 右键取消,キー：1-9、0 タネ · Q/S シャベル · G/W グローブ · P/Esc 一時停止 · 右クリックでキャンセル,"Tasten: 1-9, 0 Samen · Q/S Schaufel · G/W Handschuh · P/Esc Pause · Rechtsklick bricht ab"
SETTINGS_LANGUAGE,Language,Язык,语言,言語,Sprache
SETTINGS_LANGUAGE_HINT,"Changes the language of the whole game, including missions and the Almanac.","Меняет язык всей игры, включая миссии и Альманах.",更改整个游戏的语言，包括任务和图鉴。,ミッションや図鑑を含め、ゲーム全体の言語を変更します。,"Ändert die Sprache des ganzen Spiels, einschließlich Missionen und Almanach."
SETTINGS_LONG_PRESS,Long-press shows plant info,Долгое нажатие показывает информацию о растении,长按显示植物信息,長押しで植物の情報を表示,Langes Drücken zeigt Pflanzeninfo
SETTINGS_LOW,Low,Низко,低,低,Niedrig
SETTINGS_MUTE_UNFOCUSED,Mute when in background,Без звука в фоне,后台时静音,バックグラウンドでミュート,Im Hintergrund stummschalten
SETTINGS_OFF,Off,Выкл.,关,オフ,Aus
SETTINGS_PARTICLES,Particles,Частицы,粒子效果,パーティクル,Partikel
SETTINGS_REDUCE_MOTION,Reduce motion,Меньше движения,减少动态效果,動きを減らす,Bewegung reduzieren
SETTINGS_REDUCE_MOTION_HINT,"Less bobbing, flashes and camera movement.","Меньше покачиваний, вспышек и движения камеры.",减少晃动、闪光和镜头移动。,揺れ、フラッシュ、カメラの動きを減らします。,"Weniger Wippen, Blitze und Kamerabewegung."
SETTINGS_RESET,Reset progress,Сбросить прогресс,重置进度,進行状況をリセット,Fortschritt zurücksetzen
SETTINGS_RESET_CONFIRM,Press again to erase everything,"Нажмите ещё раз, чтобы стереть всё",再按一次以清除所有数据,もう一度押すとすべて消去します,"Nochmal drücken, um alles zu löschen"
SETTINGS_RESET_DONE,Progress has been reset.,Прогресс сброшен.,进度已重置。,進行状況をリセットしました。,Der Fortschritt wurde zurückgesetzt.
SETTINGS_SAVE_PATH,Save folder: {p},Папка сохранений: {p},存档文件夹：{p},セーブフォルダー：{p},Speicherordner: {p}
SETTINGS_SHAKE,Screen shake,Тряска экрана,屏幕震动,画面の揺れ,Bildschirmwackeln
SETTINGS_SHOW_FPS,Show FPS,Показывать FPS,显示帧率,FPSを表示,FPS anzeigen
SETTINGS_STATS_LINE,Wins: {wins} · Plants planted: {plants} · Grafts: {grafts},Побед: {wins} · Посажено: {plants} · Прививок: {grafts},胜利：{wins} · 种植：{plants} · 嫁接：{grafts},勝利：{wins} · 植えた数：{plants} · 接ぎ木：{grafts},Siege: {wins} · Gepflanzt: {plants} · Veredelungen: {grafts}
SETTINGS_STICKY_TOOLS,Sticky shovel / glove,Лопата и перчатка не сбрасываются,铲子/手套保持选中,シャベル/グローブを選択したままにする,Schaufel / Handschuh bleiben aktiv
SETTINGS_STICKY_TOOLS_HINT,Tools stay selected after use.,Инструменты остаются выбранными после использования.,工具使用后仍保持选中。,使用後もツールが選択されたままになります。,Werkzeuge bleiben nach der Benutzung ausgewählt.
SETTINGS_TAB_ACCESS,Accessibility,Доступность,辅助功能,アクセシビリティ,Barrierefreiheit
SETTINGS_TAB_AUDIO,Audio,Звук,音频,オーディオ,Audio
SETTINGS_TAB_CONTROLS,Controls,Управление,操作,操作,Steuerung
SETTINGS_TAB_DATA,Data,Данные,数据,データ,Daten
SETTINGS_TAB_GAMEPLAY,Gameplay,Игра,游戏,ゲームプレイ,Spiel
SETTINGS_TAB_LANGUAGE,Language,Язык,语言,言語,Sprache
SETTINGS_TAB_VIDEO,Video,Изображение,画面,画面,Grafik
SETTINGS_TEST_SOUND,Test sound,Проверить звук,测试声音,テスト音,Testton
SETTINGS_VOL_MASTER,Master volume,Общая громкость,主音量,マスター音量,Gesamtlautstärke
SETTINGS_VOL_MUSIC,Music,Музыка,音乐,音楽,Musik
SETTINGS_VOL_SFX,Sound effects,Звуковые эффекты,音效,効果音,Soundeffekte
SETTINGS_VSYNC,V-Sync,Вертикальная синхронизация,垂直同步,垂直同期,V-Sync
SHOP_BUY,Buy · {n},Купить · {n},购买 · {n},購入 · {n},Kaufen · {n}
SHOP_EQUIP,Equip,Надеть,装备,装備,Ausrüsten
SHOP_EQUIPPED,Equipped,Надето,已装备,装備中,Ausgerüstet
SHOP_EXTRA_SLOT_DESC,One more seed in every level (up to 10).,Ещё одно семя на каждом уровне (до 10).,每关多带一颗种子（最多 10 个）。,すべてのステージでタネを1つ多く持てる（最大10）。,Ein Samen mehr in jedem Level (bis zu 10).
SHOP_EXTRA_SLOT_NAME,Seed Slot,Ячейка семян,种子槽,タネ枠,Samenplatz
SHOP_LEGEND_ELDER_OAK_DESC,Legendary seed. A self-healing ancient wall. Also a reward for clearing Lawn 13.,Легендарное семя. Древняя самовосстанавливающаяся стена. Также награда за прохождение Газона 13.,传说种子。会自我修复的古老城墙。也是通关草坪第 13 关的奖励。,伝説のタネ。自己再生する古代の壁。芝生13のクリア報酬でもある。,Legendärer Samen. Eine selbstheilende uralte Mauer. Auch eine Belohnung für Rasen 13.
SHOP_LEGEND_ELDER_OAK_NAME,Elder Oak,Древний дуб,古橡树,エルダーオーク,Uralte Eiche
SHOP_LEGEND_PHOENIX_LILY_DESC,"Legendary seed. Burning, piercing shots, and it comes back once.","Легендарное семя. Горящие пробивающие выстрелы, и оно один раз возвращается.",传说种子。燃烧穿透射击，还能复活一次。,伝説のタネ。燃える貫通弾を撃ち、一度だけよみがえる。,"Legendärer Samen. Brennende, durchdringende Schüsse, und sie kehrt einmal zurück."
SHOP_LEGEND_PHOENIX_LILY_NAME,Phoenix Lily,Лилия-феникс,凤凰百合,フェニックスリリー,Phönixlilie
SHOP_LEGEND_STORM_THISTLE_DESC,Legendary seed. Chain lightning across lanes. Also a reward for clearing Pool 6.,Легендарное семя. Цепная молния через линии. Также награда за прохождение Бассейна 6.,传说种子。跨行连锁闪电。也是通关泳池第 6 关的奖励。,伝説のタネ。列をまたぐ連鎖雷。プール6のクリア報酬でもある。,Legendärer Samen. Kettenblitze über mehrere Reihen. Auch eine Belohnung für Pool 6.
SHOP_LEGEND_STORM_THISTLE_NAME,Storm Thistle,Грозовой чертополох,风暴蓟,ストームシスル,Sturmdistel
SHOP_LEGEND_SUN_SOVEREIGN_DESC,Legendary seed. A crowned sunflower that fuels and empowers its neighbours.,"Легендарное семя. Подсолнух в короне, питающий и усиливающий соседей.",传说种子。戴着王冠的向日葵，为相邻植物供能并增强它们。,伝説のタネ。隣に力を与え強化する、王冠をかぶったヒマワリ。,"Legendärer Samen. Eine gekrönte Sonnenblume, die ihre Nachbarn versorgt und stärkt."
SHOP_LEGEND_SUN_SOVEREIGN_NAME,Sun Sovereign,Солнечный монарх,太阳君主,サンソブリン,Sonnenmonarchin
SHOP_LEGEND_THANKS,{name} joins your garden!,{name} теперь в вашем саду!,{name}加入了你的花园！,{name}が庭の仲間になった！,{name} wächst jetzt in deinem Garten!
SHOP_MOWER_KIT_DESC,Single use. Rebuilds a spent mower during a level.,Одноразовый. Восстанавливает использованную косилку во время уровня.,一次性。在关卡中重建一台用掉的割草机。,使い切り。ステージ中に使用済みの芝刈り機を1台作り直す。,Einmalig. Baut während eines Levels einen verbrauchten Mäher wieder auf.
SHOP_MOWER_KIT_NAME,Mower Repair Kit,Ремкомплект косилки,割草机修理包,芝刈り機修理キット,Mäher-Reparaturset
SHOP_OWNED,Owned: {n},Есть: {n},拥有：{n},所持：{n},Im Besitz: {n}
SHOP_RECIPE_HINT_DESC,Reveals the two ingredients of an unknown graft.,Раскрывает два ингредиента неизвестной прививки.,揭示一种未知嫁接的两种原料。,未知の接ぎ木の材料2つを明かす。,Verrät die beiden Zutaten einer unbekannten Veredelung.
SHOP_RECIPE_HINT_NAME,Recipe Hint,Подсказка рецепта,配方提示,レシピのヒント,Rezepthinweis
SHOP_SKIN_AZURE_DESC,Cosmetic. A blue paint job for your mowers.,Косметика. Синяя окраска для ваших косилок.,外观。为你的割草机涂上蓝色涂装。,見た目のみ。芝刈り機を青く塗装する。,Kosmetisch. Eine blaue Lackierung für deine Mäher.
SHOP_SKIN_AZURE_NAME,Azure Mower,Лазурная косилка,蔚蓝割草机,アズール芝刈り機,Azurmäher
SHOP_SKIN_GOLD_DESC,Cosmetic. Purely for showing off.,Косметика. Исключительно чтобы покрасоваться.,外观。纯粹用来炫耀。,見た目のみ。ただ自慢するためのもの。,Kosmetisch. Nur zum Angeben.
SHOP_SKIN_GOLD_NAME,Gold Mower,Золотая косилка,黄金割草机,ゴールド芝刈り機,Goldmäher
SHOP_SKIN_MOSS_DESC,"Cosmetic. Green, to blend in with the lawn.","Косметика. Зелёная, чтобы сливаться с газоном.",外观。绿色的，与草坪融为一体。,見た目のみ。芝生に溶け込む緑色。,"Kosmetisch. Grün, um mit dem Rasen zu verschmelzen."
SHOP_SKIN_MOSS_NAME,Moss Mower,Моховая косилка,苔藓割草机,モス芝刈り機,Moosmäher
SHOP_SOLD_OUT,Sold out,Распродано,已售罄,売り切れ,Ausverkauft
SHOP_START_SUN_DESC,+25 sun at the start of every level.,+25 солнца в начале каждого уровня.,每关开始时 +25 阳光。,各ステージ開始時に太陽+25。,+25 Sonne zu Beginn jedes Levels.
SHOP_START_SUN_NAME,Morning Dew,Утренняя роса,晨露,朝つゆ,Morgentau
SHOP_THANKS,Thanks! Come back any time.,Спасибо! Заходите ещё.,谢谢！欢迎随时再来。,ありがとう！またいつでもどうぞ。,Danke! Komm jederzeit wieder.
SPEED_FAST,fast,быстро,快,速い,schnell
SPEED_NORMAL,normal,нормально,正常,普通,normal
SPEED_SLOW,slow,медленно,慢,遅い,langsam
STATS_CAMPAIGN,Campaign levels,Уровни кампании,战役关卡,キャンペーンステージ,Kampagnenlevel
STATS_COINS,Coins,Монеты,金币,コイン,Münzen
STATS_DAILIES,Daily challenges won,Выиграно ежедневных испытаний,每日挑战胜利,デイリーチャレンジ勝利数,Gewonnene Tagesherausforderungen
STATS_ENDLESS,Endless best wave,Рекорд бесконечной зоны,无尽最佳波次,エンドレス最高ウェーブ,Beste Endloswelle
STATS_GLOVE,Glove moves,Переносы перчаткой,手套移动,グローブ移動回数,Handschuhzüge
STATS_GRAFTS,Grafts,Прививки,嫁接,接ぎ木,Veredelungen
STATS_PLANTED,Plants planted,Посажено растений,已种植物,植えた植物,Gepflanzte Pflanzen
STATS_PLANTS,Seeds unlocked,Открыто семян,已解锁种子,解放したタネ,Freigeschaltete Samen
STATS_RECIPES,Recipes discovered,Открыто рецептов,已发现配方,発見したレシピ,Entdeckte Rezepte
STATS_STARS,Stars,Звёзды,星星,スター,Sterne
STATS_SUN,Sun collected,Собрано солнца,已收集阳光,集めた太陽,Gesammelte Sonne
STATS_TWIN_GRAFTS,Twin hybrids,Гибриды-двойники,双子杂交,ツインハイブリッド,Zwillingshybriden
STATS_WINS,Victories,Победы,胜利,勝利数,Siege
STATS_ZOMBIES,Zombies seen,Встречено зомби,已见僵尸,見たゾンビ,Gesehene Zombies
STAT_ALL,everything in line,всё на линии,整行所有目标,列上のすべて,alles in der Reihe
STAT_AREA,Blast radius,Радиус взрыва,爆炸半径,爆発範囲,Explosionsradius
STAT_ARM,Arming time,Время взведения,布置时间,準備時間,Scharfmachzeit
STAT_ARMOR,Armour,Броня,护甲,装甲,Panzerung
STAT_BITE,Bite,Укус,啃咬,かみつき,Biss
STAT_BITE_V,{d} every {s} s,{d} каждые {s} с,每 {s} 秒 {d},{s} 秒ごとに {d},{d} alle {s} s
STAT_BUFF,Neighbour buff,Усиление соседей,相邻增益,隣への強化,Nachbarbonus
STAT_BURN,Burn,Горение,燃烧,炎上,Brand
STAT_BURN_V,{d} dmg/s for {s} s,{d} урона/с в течение {s} с,{d} 伤害/秒，持续 {s} 秒,{d} ダメージ/秒、{s} 秒間,{d} Schaden/s für {s} s
STAT_CELLS,{n} cells,клеток: {n},{n} 格,{n} マス,{n} Felder
STAT_CHAIN,Chain,Цепь,连锁,連鎖,Kette
STAT_CHAIN_V,"{n} jumps, {r} cells apart","прыжков: {n}, через {r} кл.",跳跃 {n} 次，间隔 {r} 格,{n} 回跳ねる、間隔 {r} マス,"{n} Sprünge, {r} Felder Abstand"
STAT_CHEW,Chewing time,Время пережёвывания,咀嚼时间,噛む時間,Kauzeit
STAT_CROSS,Time to cross the lawn,Время пересечения газона,穿过草坪所需时间,芝生を横断する時間,Zeit über den Rasen
STAT_DAMAGE,Damage per hit,Урон за попадание,单次伤害,1発のダメージ,Schaden pro Treffer
STAT_DPS,Damage per second,Урон в секунду,每秒伤害,秒間ダメージ,Schaden pro Sekunde
STAT_EAT_DPS,Eating damage/s,Урон поедания/с,啃食伤害/秒,食べるダメージ/秒,Fressschaden/s
STAT_EVERY,every {n} s,каждые {n} с,每 {n} 秒,{n} 秒ごと,alle {n} s
STAT_FREEZE,Freeze,Заморозка,冰冻,凍結,Einfrieren
STAT_GRAFT,Graft only,Только прививкой,仅限嫁接,接ぎ木専用,Nur durch Veredeln
STAT_GRAFTS_INTO,Grafts into,Прививается в,可嫁接为,接ぎ木先,Veredelt zu
STAT_GROW_TIME,Ready to graft after,Готово к прививке через,可嫁接时间,接ぎ木可能まで,Veredelbar nach
STAT_IMMUNE,Immune to,Невосприимчив к,免疫,無効,Immun gegen
STAT_LAWN,Lawn (or a Lily Raft on water),Газон (или Кувшинка-плот на воде),草坪（或水上的睡莲筏）,芝生（水上ならスイレンいかだ）,Rasen (oder ein Seerosenfloß auf Wasser)
STAT_LIMIT,Board limit,Лимит на поле,场上上限,配置上限,Feldlimit
STAT_LIMIT_V,{n} at a time,{n} одновременно,同时 {n} 株,同時に {n} 体,{n} gleichzeitig
STAT_MADE_BY,Obtained by,Как получить,获得方式,入手方法,Erhalten durch
STAT_PER_BITE,{n} per bite,{n} за укус,每口 {n},ひとかみ {n},{n} pro Biss
STAT_PIERCE,Pierces,Пробивает,穿透,貫通,Durchdringt
STAT_POD_HITS,Pod Shooter hits to kill,Попаданий Стручкострела до смерти,豆荚射手击杀所需命中,ポッドシューターで倒す命中数,Schotenschützen-Treffer bis zum Tod
STAT_PROJECTILE,Projectile speed,Скорость снаряда,弹速,弾速,Geschosstempo
STAT_PULL,Pull range,Радиус притяжения,牵引范围,引き寄せ範囲,Zugreichweite
STAT_PUSH,Push back,Отбрасывание,击退,押し戻し,Rückstoß
STAT_RANGE,Range,Дальность,射程,射程,Reichweite
STAT_RATE,Attack rate,Частота атак,攻击频率,攻撃間隔,Angriffsrate
STAT_REBIRTHS,Rebirths,Возрождения,重生次数,復活回数,Wiedergeburten
STAT_RECIPE,Recipe,Рецепт,配方,レシピ,Rezept
STAT_REGEN,Regeneration,Регенерация,再生,再生,Regeneration
STAT_SIZE,Size,Размер,体型,サイズ,Größe
STAT_SLOW,Slow,Замедление,减速,減速,Verlangsamung
STAT_SLOW_V,-{p}% speed for {s} s,-{p}% скорости на {s} с,速度 -{p}%，持续 {s} 秒,速度 -{p}%、{s} 秒間,-{p} % Tempo für {s} s
STAT_SPEED_V,{c} cells/s ({p} px/s),{c} кл./с ({p} пикс./с),{c} 格/秒（{p} 像素/秒）,{c} マス/秒（{p} px/秒）,{c} Felder/s ({p} px/s)
STAT_START_COOLDOWN,First seed after,Первое семя через,首次可用,最初に使えるまで,Erster Samen nach
STAT_STUN,Stun,Оглушение,眩晕,スタン,Betäubung
STAT_SUMMONS,Max summons,Макс. призывов,最大召唤数,最大召喚数,Max. Beschwörungen
STAT_SUN,{n} sun,{n} солнца,{n} 阳光,太陽 {n},{n} Sonne
STAT_SUN_MADE,Sun production,Производство солнца,阳光产量,太陽の生産,Sonnenproduktion
STAT_SUN_V,{n} every {s} s (~{m}/min),{n} каждые {s} с (~{m}/мин),每 {s} 秒 {n}（约 {m}/分钟）,{s} 秒ごとに {n}（約 {m}/分）,{n} alle {s} s (~{m}/min)
STAT_SURFACE,Grows on,Растёт на,生长于,植えられる場所,Wächst auf
STAT_THORNS,Thorns,Шипы,尖刺,トゲ,Dornen
STAT_THREAT,Wave cost,Стоимость в волне,波次成本,ウェーブコスト,Wellenkosten
STAT_WATER,Water only,Только вода,仅限水面,水上のみ,Nur Wasser
STAT_WHOLE_LANE,whole lane ahead,вся линия впереди,前方整行,前方の列全体,ganze Reihe voraus
TIP_1,Drop a Pod Shooter seed on a grown Pod Shooter to graft a Twin Pod.,"Бросьте семя Стручкострела на подросший Стручкострел, чтобы привить Двойной стручкострел.",把豆荚射手种子放到已长成的豆荚射手上，就能嫁接出双发豆荚。,成長したポッドシューターにポッドシューターのタネを落とすと、ツインポッドに接ぎ木できる。,"Lass einen Schotenschützen-Samen auf einen ausgewachsenen Schotenschützen fallen, um eine Doppelschote zu veredeln."
TIP_10,Pause the battle to change settings without leaving the level.,"Поставьте бой на паузу, чтобы изменить настройки, не покидая уровень.",暂停战斗即可更改设置，无需离开关卡。,バトルを一時停止すれば、ステージを出ずに設定を変更できる。,"Pausiere den Kampf, um Einstellungen zu ändern, ohne das Level zu verlassen."
TIP_11,Endless Zone gets harder every wave. How far can you go?,В Бесконечной зоне каждая волна сложнее предыдущей. Как далеко вы зайдёте?,无尽模式每一波都会更难。你能走多远？,エンドレスゾーンはウェーブごとに難しくなる。どこまで行ける？,Die Endloszone wird mit jeder Welle schwerer. Wie weit kommst du?
TIP_12,A new Daily Challenge with fixed seeds appears every day.,Каждый день появляется новое Ежедневное испытание с заданными семенами.,每天都会出现一个固定种子的新每日挑战。,タネ固定の新しいデイリーチャレンジが毎日登場する。,Jeden Tag gibt es eine neue Tägliche Herausforderung mit festen Samen.
TIP_2,"Pumpkins go OVER a plant, Pea Bedding goes UNDER it - one tile can hold three plants.","Тыквы надеваются НА растение, Гороховая грядка сажается ПОД него — в одной клетке могут быть три растения.",南瓜套在植物外面，豌豆苗床种在植物下面——一个格子能容纳三株植物。,パンプキンは植物の上に、ピーベッドは植物の下に――1マスに3体の植物を置ける。,"Kürbisse kommen ÜBER eine Pflanze, Erbsenbeete DARUNTER – ein Feld fasst drei Pflanzen."
TIP_3,Flying plants like the Garlic Drone can only be hurt by Balloon and Slingshot zombies.,Летающим растениям вроде Чесночного дрона вредят только зомби на шаре и с рогаткой.,大蒜无人机等飞行植物只会被气球僵尸和弹弓僵尸伤害。,ガーリックドローンのような飛ぶ植物は、風船ゾンビとパチンコゾンビにしか傷つけられない。,Fliegende Pflanzen wie die Knoblauchdrohne können nur von Ballon- und Schleuder-Zombies verletzt werden.
TIP_4,"A Cardboard Box Zombie hides behind another zombie. Use low shots, catapults or bombs.","Зомби в коробке прячется за другим зомби. Используйте низкие выстрелы, катапульты или бомбы.",纸箱僵尸会躲在其他僵尸身后。请使用低空射击、投石车或炸弹。,ダンボールゾンビは他のゾンビの後ろに隠れる。低い弾、カタパルト、爆弾を使おう。,"Ein Karton-Zombie versteckt sich hinter einem anderen Zombie. Nutze flache Schüsse, Katapulte oder Bomben."
TIP_5,The glove moves a plant to another tile. Drop it on a plant to try a cross-layer graft.,"Перчатка переносит растение на другую клетку. Бросьте его на растение, чтобы попробовать прививку между слоями.",手套能把植物移到另一个格子。把它放到另一株植物上，可以尝试跨层嫁接。,グローブで植物を別のマスへ移動できる。植物の上に落とすと、レイヤーをまたいだ接ぎ木を試せる。,"Der Handschuh setzt eine Pflanze auf ein anderes Feld. Lass sie auf eine Pflanze fallen, um eine ebenenübergreifende Veredelung zu versuchen."
TIP_6,Fusion works in either order: plant A on B or B on A gives the same hybrid.,Слияние работает в любом порядке: A на B или B на A дают один и тот же гибрид.,融合不分顺序：A 种在 B 上或 B 种在 A 上，得到的杂交植物相同。,合体は順番を問わない：AをBに植えても、BをAに植えても同じハイブリッドになる。,Fusion klappt in beide Richtungen: A auf B oder B auf A ergibt dieselbe Hybride.
TIP_7,"Legendary plants are expensive, but one can hold a whole lane.","Легендарные растения дороги, но одно может удержать целую линию.",传说植物很贵，但一株就能守住一整行。,伝説の植物は高価だが、1体で列をまるごと守れる。,"Legendäre Pflanzen sind teuer, aber eine kann eine ganze Reihe halten."
TIP_8,Turbo Bean speeds up every plant in its row and column.,Турбобоб ускоряет все растения в своих ряду и столбце.,涡轮豆能加快同行同列所有植物的速度。,ターボビーンは同じ行と列のすべての植物を加速させる。,Die Turbobohne beschleunigt jede Pflanze in ihrer Reihe und Spalte.
TIP_9,"Thorn Carpet hurts every zombie walking over it, including boxes.","Шипастый ковёр ранит каждого зомби, идущего по нему, включая коробки.",荆棘地毯会伤害每个从上面走过的僵尸，包括纸箱僵尸。,トゲカーペットは上を歩くすべてのゾンビを傷つける。ダンボールも例外ではない。,"Der Dornenteppich verletzt jeden Zombie, der darüber läuft, auch Kartons."
TOAST_BOMB_FUSE,Bomb fuse: 3 seconds. Definitely not a scented candle.,Фитиль бомбы: 3 секунды. Это точно не ароматическая свеча.,炸弹引信：3 秒。这绝对不是香薰蜡烛。,爆弾の導火線：3秒。アロマキャンドルでは断じてない。,Bombenzünder: 3 Sekunden. Definitiv keine Duftkerze.
TOAST_SUN_STOLEN,Sun stolen! The invoice says 'consulting'.,Солнце украдено! В счёте написано «консультация».,阳光被偷了！发票上写着“咨询费”。,太陽を盗まれた！請求書には「コンサル料」とある。,Sonne gestohlen! Auf der Rechnung steht „Beratung“.
TOAST_TOOL_NO_EFFECT,Nothing to use it on right now. The tool was kept.,Сейчас не на что использовать. Предмет сохранён.,现在没有可用的目标，道具已保留。,今は使う対象がありません。道具は残しました。,Gerade gibt es kein Ziel dafür. Das Werkzeug wurde behalten.
TOAST_TOOL_USED,Used: {name},Использовано: {name},已使用：{name},使用：{name},Benutzt: {name}
TOOL_COMPOST_TEA,Compost Tea,Компостный чай,堆肥茶,堆肥ティー,Komposttee
TOOL_FROST_BOTTLE,Frost Bottle,Морозная бутылка,冰霜瓶,フロストボトル,Frostflasche
TOOL_GLUE_TRAP,Glue Trap,Клеевая ловушка,粘胶陷阱,粘着トラップ,Klebefalle
TOOL_PEPPER_BOMB,Pepper Bomb,Перечная бомба,辣椒炸弹,ペッパーボム,Pfefferbombe
TOOL_REPAIR_KIT,Repair Kit,Ремкомплект,修理包,修理キット,Reparaturset
TOOL_SEED_CLOCK,Seed Clock,Часы семян,种子时钟,タネ時計,Samenuhr
TOOL_SUN_FLASK,Sun Flask,Солнце в бутылке,瓶装阳光,太陽のボトル,Flaschensonne
TOOL_SUN_MAGNET,Sun Magnet,Солнечный магнит,阳光磁铁,太陽マグネット,Sonnenmagnet
UI_ADVENTURE,Adventure,Приключение,冒险,アドベンチャー,Abenteuer
UI_ALMANAC,Almanac,Альманах,图鉴,図鑑,Almanach
UI_BACK,Back,Назад,返回,戻る,Zurück
UI_COINS,{n} coins,{n} монет,{n} 金币,{n} コイン,{n} Münzen
UI_CONTINUE,Continue,Продолжить,继续,続ける,Weiter
UI_COST,Cost,Цена,花费,コスト,Kosten
UI_DIFFICULTY,Difficulty,Сложность,难度,難易度,Schwierigkeit
UI_HEALTH,Health,Здоровье,生命,体力,Gesundheit
UI_HELP,Help,Помощь,帮助,ヘルプ,Hilfe
UI_HP,Health,Здоровье,生命,体力,Gesundheit
UI_LEGENDARY,LEGENDARY,ЛЕГЕНДАРНОЕ,传说,伝説,LEGENDÄR
UI_OFF,OFF,ВЫКЛ,关,オフ,AUS
UI_ON,ON,ВКЛ,开,オン,AN
UI_OPEN_SHOP,Open shop,Открыть магазин,打开商店,ショップを開く,Laden öffnen
UI_PLAY,Play,Играть,开始,プレイ,Spielen
UI_QUESTS,Quest Log,Журнал заданий,任务日志,クエストログ,Questbuch
UI_QUIT,Quit,Выход,退出,終了,Beenden
UI_RECHARGE,Recharge,Перезарядка,充能,チャージ,Nachladen
UI_RESTART,Restart level,Начать уровень заново,重新开始,ステージをやり直す,Level neu starten
UI_RESUME,Resume,Продолжить,继续,再開,Fortsetzen
UI_RETRY,Try again,Ещё раз,再试一次,もう一度,Nochmal
UI_ROLE,Role,Роль,定位,役割,Rolle
UI_SETTINGS,Settings,Настройки,设置,設定,Einstellungen
UI_SHOP,Shop,Магазин,商店,ショップ,Laden
UI_SPEED,Speed,Скорость,速度,速度,Tempo
UI_STATS,Statistics,Статистика,统计,統計,Statistik
UI_TOUGHNESS,Toughness,Прочность,耐久,耐久力,Zähigkeit
UI_TO_MAP,Back to map,К карте,返回地图,マップへ戻る,Zur Karte
UI_WORKSHOP,Crafting Workshop,Мастерская,制作工坊,クラフト工房,Werkstatt
UNIT_HP_PER_SEC,{n} HP/s,{n} ед. здоровья/с,{n} 生命/秒,{n} HP/秒,{n} LP/s
UNIT_PX_PER_SEC,{n} px/s,{n} пикс./с,{n} 像素/秒,{n} px/秒,{n} px/s
UNIT_SEC,{n} s,{n} с,{n} 秒,{n} 秒,{n} s
WORKSHOP_BACK,Back to worlds,К мирам,返回世界,ワールドへ戻る,Zurück zu den Welten
WORKSHOP_COST,Cost: {cost} · World: {world},Цена: {cost} · Мир: {world},花费：{cost} · 世界：{world},コスト：{cost} · ワールド：{world},Kosten: {cost} · Welt: {world}
WORKSHOP_CRAFT,Craft,Создать,制作,クラフト,Herstellen
WORKSHOP_INTRO,"Materials come from victories. First clears pay full rewards; replays give compost and scrap; milestone replays (every 5th level) also give 1 crystal. Tools stack to 9 and are optional in every mission. Upgrades are permanent, tiered, and small.","Материалы даются за победы. Первое прохождение даёт полную награду; повторы — компост и металлолом; юбилейные повторы (каждый 5-й уровень) — ещё и 1 кристалл. Инструменты складываются до 9 и необязательны в любой миссии. Улучшения постоянные, многоуровневые и небольшие.",材料来自胜利。首次通关给予全额奖励；重玩给予堆肥和废料；里程碑重玩（每第 5 关）额外给予 1 个水晶。工具最多叠加 9 个，在每个任务中都是可选的。升级是永久的、分级的，效果较小。,素材は勝利で手に入る。初回クリアは報酬全額、再プレイでは堆肥とスクラップ、節目の再プレイ（5ステージごと）ではさらにクリスタル1個。ツールは9個まで重ねられ、どのミッションでも使用は任意。アップグレードは永続・段階式で、効果は小さめ。,"Materialien gibt es für Siege. Erstabschlüsse bringen volle Belohnung; Wiederholungen geben Kompost und Schrott; Meilenstein-Wiederholungen (jedes 5. Level) zusätzlich 1 Kristall. Werkzeuge stapeln sich bis 9 und sind in jeder Mission optional. Upgrades sind dauerhaft, gestuft und klein."
ZOMBIE_BALLOON_ZOMBIE_DESC,"Floats over every ground plant and gnaws flying plants. Pop the balloon with anti-air spines, flying plants, wind or explosions.","Парит над всеми наземными растениями и грызёт летающие. Лопните шар колючками ПВО, летающими растениями, ветром или взрывами.",飘过所有地面植物，啃咬飞行植物。用防空尖刺、飞行植物、风或爆炸戳破气球。,地上の植物の上を漂い、飛ぶ植物をかじる。対空トゲ、飛ぶ植物、風、爆発で風船を割ろう。,"Schwebt über jede Bodenpflanze und knabbert fliegende Pflanzen an. Lass den Ballon mit Flugabwehr-Stacheln, fliegenden Pflanzen, Wind oder Explosionen platzen."
ZOMBIE_BALLOON_ZOMBIE_NAME,Balloon Zombie,Зомби на шаре,气球僵尸,風船ゾンビ,Ballon-Zombie
ZOMBIE_BOX_ZOMBIE_DESC,"Hides in a box right behind another zombie. Straight shots fly over the box - only low shots (Pea Bedding, Thorn Carpet), lobbed shots (catapults) and explosions hit it until the box is torn.","Прячется в коробке прямо за другим зомби. Прямые выстрелы пролетают над коробкой — пока она цела, по нему попадают только низкие выстрелы (Гороховая грядка, Шипастый ковёр), навесные (катапульты) и взрывы.",躲在纸箱里，紧跟在另一个僵尸身后。直线子弹会从纸箱上方飞过——在纸箱被撕破前，只有低空射击（豌豆苗床、荆棘地毯）、抛射（投石车）和爆炸能命中它。,別のゾンビのすぐ後ろでダンボールに隠れている。まっすぐな弾は箱の上を通り過ぎる――箱が破れるまでは、低い弾（ピーベッド、トゲカーペット）、放物線の弾（カタパルト）、爆発しか当たらない。,"Versteckt sich in einem Karton direkt hinter einem anderen Zombie. Gerade Schüsse fliegen über den Karton – nur flache Schüsse (Erbsenbeet, Dornenteppich), Wurfgeschosse (Katapulte) und Explosionen treffen ihn, bis der Karton zerrissen ist."
ZOMBIE_BOX_ZOMBIE_NAME,Cardboard Box Zombie,Зомби в коробке,纸箱僵尸,ダンボールゾンビ,Karton-Zombie
ZOMBIE_BRUTE_DESC,"Huge, slow, and smashes plants with a log. Too big to swallow or push.","Огромный, медленный, крушит растения бревном. Слишком большой, чтобы его проглотить или оттолкнуть.",巨大、缓慢，挥舞原木砸烂植物。体型太大，无法被吞下或击退。,巨大でのろく、丸太で植物を叩きつぶす。大きすぎて丸のみも押し戻しもできない。,"Riesig, langsam, zertrümmert Pflanzen mit einem Baumstamm. Zu groß zum Verschlucken oder Zurückstoßen."
ZOMBIE_BRUTE_NAME,Brute,Громила,巨汉僵尸,ブルート,Rohling
ZOMBIE_BUCKET_HEAD_DESC,A metal bucket makes it roughly five times tougher.,Металлическое ведро делает его примерно в пять раз прочнее.,金属桶让它坚固了约五倍。,金属のバケツでおよそ5倍頑丈になっている。,Ein Metalleimer macht ihn etwa fünfmal zäher.
ZOMBIE_BUCKET_HEAD_NAME,Bucket Head,Ведроголовый,铁桶僵尸,バケツヘッド,Eimerkopf
ZOMBIE_BURROWER_DESC,"Digs under the lawn and surfaces next to the house, then eats its way back. Only mines reach it underground.","Копает под газоном и выныривает у самого дома, а потом проедает себе путь назад. Под землёй его достают только мины.",从草坪下挖洞，在房子旁边钻出，然后一路吃回去。在地下时只有地雷能打到它。,芝生の下を掘り進んで家の近くに出てきて、食べながら戻っていく。地中にいる間は地雷しか届かない。,"Gräbt sich unter dem Rasen durch, taucht neben dem Haus auf und frisst sich zurück. Unter der Erde erreichen ihn nur Minen."
ZOMBIE_BURROWER_NAME,Burrower,Подкопщик,掘地僵尸,モグラゾンビ,Gräber
ZOMBIE_CONE_HEAD_DESC,A traffic cone soaks up the first few hits.,Дорожный конус поглощает первые несколько попаданий.,路障能吸收最初的几次攻击。,三角コーンが最初の数発を受け止める。,Ein Verkehrspylon schluckt die ersten Treffer.
ZOMBIE_CONE_HEAD_NAME,Cone Head,Конусоголовый,路障僵尸,コーンヘッド,Pylonenkopf
ZOMBIE_FLAGBEARER_DESC,Leads every big wave. A bit quicker than the rest.,Ведёт каждую большую волну. Чуть быстрее остальных.,带领每一大波僵尸。比其他僵尸稍快。,大きなウェーブの先頭に立つ。他より少し速い。,Führt jede große Welle an. Etwas schneller als die anderen.
ZOMBIE_FLAGBEARER_NAME,Flagbearer,Знаменосец,旗手僵尸,旗持ちゾンビ,Fahnenträger
ZOMBIE_HURDLER_DESC,"Vaults over the first plant with a pole, then walks slowly. Tall plants break the pole.","Перепрыгивает первое растение с шестом, затем идёт медленно. Высокие растения ломают шест.",用撑杆跳过第一株植物，然后慢慢走。高大的植物会折断撑杆。,棒で最初の植物を跳び越え、その後はゆっくり歩く。背の高い植物は棒を折る。,Springt mit einer Stange über die erste Pflanze und geht dann langsam. Hohe Pflanzen brechen die Stange.
ZOMBIE_HURDLER_NAME,Hurdler,Прыгун,撑杆僵尸,ハードラー,Hürdenläufer
ZOMBIE_SHAMBLER_DESC,Walks. Bites. Doesn't stop.,Идёт. Кусает. Не останавливается.,走。咬。不停。,歩く。かむ。止まらない。,Geht. Beißt. Hört nicht auf.
ZOMBIE_SHAMBLER_NAME,Shambler,Шатун,蹒跚僵尸,シャンブラー,Schlurfer
ZOMBIE_SHIELD_CARRIER_DESC,"Holds a door in front. Shots and thorns hit the door; explosions, area attacks and bees don't.","Держит перед собой дверь. Выстрелы и шипы попадают в дверь; взрывы, атаки по области и пчёлы — нет.",举着一扇门挡在前面。子弹和尖刺会打在门上；爆炸、范围攻击和蜜蜂则不会。,ドアを前に構えている。弾とトゲはドアに当たる。爆発、範囲攻撃、ハチはドアに防がれない。,"Hält eine Tür vor sich. Schüsse und Dornen treffen die Tür; Explosionen, Flächenangriffe und Bienen nicht."
ZOMBIE_SHIELD_CARRIER_NAME,Shield Carrier,Щитоносец,持盾僵尸,盾持ちゾンビ,Schildträger
ZOMBIE_SLINGSHOT_ZOMBIE_DESC,Stops to pelt flying plants within 4 tiles with stones. Ground plants are ignored until it reaches them.,"Останавливается и забрасывает камнями летающие растения в пределах 4 клеток. Наземные растения игнорирует, пока не дойдёт до них.",停下来用石头攻击 4 格内的飞行植物。在走到地面植物跟前之前会无视它们。,立ち止まり、4マス以内の飛ぶ植物に石を浴びせる。地上の植物はたどり着くまで無視する。,"Bleibt stehen und bewirft fliegende Pflanzen im Umkreis von 4 Feldern mit Steinen. Bodenpflanzen ignoriert er, bis er sie erreicht."
ZOMBIE_SLINGSHOT_ZOMBIE_NAME,Slingshot Zombie,Зомби с рогаткой,弹弓僵尸,パチンコゾンビ,Schleuder-Zombie
ZOMBIE_SPRINTER_DESC,Runs twice as fast. Falls apart just as quickly.,Бегает вдвое быстрее. И разваливается так же быстро.,跑得快一倍。散架也一样快。,2倍の速さで走る。崩れるのも同じくらい速い。,Rennt doppelt so schnell. Fällt genauso schnell auseinander.
ZOMBIE_SPRINTER_NAME,Sprinter,Спринтер,疾跑僵尸,スプリンター,Sprinter
